{"directed": true, "multigraph": false, "graph": {}, 
  "nodes": [{
	 "id": "0", 
	 "label": "Add_Port" 
},{
	 "id": "1", 
	 "label": "Add_Component" 
},{
	 "id": "2", 
	 "label": "Add_Requirement" 
},{
	 "id": "3", 
	 "label": "Add_SwImplementation" 
},{
	 "id": "4", 
	 "label": "Add_Component" 
},{
	 "id": "5", 
	 "label": "Add_Port" 
},{
	 "id": "6", 
	 "label": "Add_Requirement" 
},{
	 "id": "7", 
	 "label": "Add_SwImplementation" 
},{
	 "id": "8", 
	 "label": "Add_Package" 
},{
	 "id": "9", 
	 "label": "Add_SwImplementation" 
},{
	 "id": "10", 
	 "label": "Add_Port" 
},{
	 "id": "11", 
	 "label": "Add_Component" 
},{
	 "id": "12", 
	 "label": "Add_Requirement" 
},{
	 "id": "13", 
	 "label": "Add_SwImplementation" 
},{
	 "id": "14", 
	 "label": "Add_Port" 
},{
	 "id": "15", 
	 "label": "Add_Port" 
},{
	 "id": "16", 
	 "label": "Add_Package" 
},{
	 "id": "17", 
	 "label": "Add_SwImplementation" 
},{
	 "id": "18", 
	 "label": "Preserve_Component" 
},{
	 "id": "19", 
	 "label": "Add_Package" 
},{
	 "id": "20", 
	 "label": "Add_SwImplementation" 
},{
	 "id": "21", 
	 "label": "Add_Package" 
},{
	 "id": "22", 
	 "label": "Add_Component" 
},{
	 "id": "23", 
	 "label": "Add_Requirement" 
},{
	 "id": "24", 
	 "label": "Add_Port" 
},{
	 "id": "25", 
	 "label": "Add_Package" 
},{
	 "id": "26", 
	 "label": "Add_Component" 
},{
	 "id": "27", 
	 "label": "Add_Requirement" 
},{
	 "id": "28", 
	 "label": "Add_SwImplementation" 
},{
	 "id": "29", 
	 "label": "Preserve_Component" 
},{
	 "id": "30", 
	 "label": "Add_Connector" 
},{
	 "id": "31", 
	 "label": "Add_Requirement" 
},{
	 "id": "32", 
	 "label": "Add_Port" 
},{
	 "id": "33", 
	 "label": "Add_Port" 
},{
	 "id": "34", 
	 "label": "Add_Port" 
},{
	 "id": "35", 
	 "label": "Add_SwImplementation" 
},{
	 "id": "36", 
	 "label": "Preserve_Component" 
},{
	 "id": "37", 
	 "label": "Add_Port" 
},{
	 "id": "38", 
	 "label": "Add_Port" 
},{
	 "id": "39", 
	 "label": "Add_Port" 
},{
	 "id": "40", 
	 "label": "Add_Port" 
},{
	 "id": "41", 
	 "label": "Add_Component" 
},{
	 "id": "42", 
	 "label": "Add_Port" 
},{
	 "id": "43", 
	 "label": "Add_Requirement" 
},{
	 "id": "44", 
	 "label": "Add_SwImplementation" 
},{
	 "id": "45", 
	 "label": "Add_Package" 
},{
	 "id": "46", 
	 "label": "Add_SwImplementation" 
},{
	 "id": "47", 
	 "label": "Add_Port" 
},{
	 "id": "48", 
	 "label": "Add_Package" 
},{
	 "id": "49", 
	 "label": "Add_Connector" 
},{
	 "id": "50", 
	 "label": "Add_Requirement" 
},{
	 "id": "51", 
	 "label": "Add_Port" 
},{
	 "id": "52", 
	 "label": "Add_Connector" 
},{
	 "id": "53", 
	 "label": "Add_Requirement" 
},{
	 "id": "54", 
	 "label": "Add_Port" 
},{
	 "id": "55", 
	 "label": "Add_Port" 
},{
	 "id": "56", 
	 "label": "Add_SwImplementation" 
},{
	 "id": "57", 
	 "label": "Preserve_Component" 
},{
	 "id": "58", 
	 "label": "Add_Port" 
},{
	 "id": "59", 
	 "label": "Add_Connector" 
},{
	 "id": "60", 
	 "label": "Add_Requirement" 
},{
	 "id": "61", 
	 "label": "Add_Port" 
},{
	 "id": "62", 
	 "label": "Add_Connector" 
},{
	 "id": "63", 
	 "label": "Add_Requirement" 
},{
	 "id": "64", 
	 "label": "Add_Port" 
},{
	 "id": "65", 
	 "label": "Add_Port" 
},{
	 "id": "66", 
	 "label": "Add_SwImplementation" 
},{
	 "id": "67", 
	 "label": "Preserve_Component" 
},{
	 "id": "68", 
	 "label": "Add_Port" 
},{
	 "id": "69", 
	 "label": "Add_Port" 
},{
	 "id": "70", 
	 "label": "Add_Package" 
},{
	 "id": "71", 
	 "label": "Add_SwImplementation" 
},{
	 "id": "72", 
	 "label": "Preserve_Component" 
},{
	 "id": "73", 
	 "label": "Add_Port" 
},{
	 "id": "74", 
	 "label": "Add_Port" 
},{
	 "id": "75", 
	 "label": "Add_Package" 
},{
	 "id": "76", 
	 "label": "Add_Port" 
},{
	 "id": "77", 
	 "label": "Add_Package" 
},{
	 "id": "78", 
	 "label": "Add_Component" 
},{
	 "id": "79", 
	 "label": "Add_Requirement" 
},{
	 "id": "80", 
	 "label": "Add_Package" 
},{
	 "id": "81", 
	 "label": "Add_SwImplementation" 
},{
	 "id": "82", 
	 "label": "Preserve_Component" 
},{
	 "id": "83", 
	 "label": "Add_Component" 
},{
	 "id": "84", 
	 "label": "Add_Requirement" 
},{
	 "id": "85", 
	 "label": "Add_SwImplementation" 
},{
	 "id": "86", 
	 "label": "Add_Connector" 
},{
	 "id": "87", 
	 "label": "Add_Requirement" 
},{
	 "id": "88", 
	 "label": "Add_Port" 
},{
	 "id": "89", 
	 "label": "Add_Connector" 
},{
	 "id": "90", 
	 "label": "Add_Requirement" 
},{
	 "id": "91", 
	 "label": "Add_Component" 
},{
	 "id": "92", 
	 "label": "Add_Requirement" 
},{
	 "id": "93", 
	 "label": "Add_SwImplementation" 
},{
	 "id": "94", 
	 "label": "Add_Port" 
},{
	 "id": "95", 
	 "label": "Add_Component" 
},{
	 "id": "96", 
	 "label": "Add_Port" 
},{
	 "id": "97", 
	 "label": "Add_Requirement" 
},{
	 "id": "98", 
	 "label": "Add_SwImplementation" 
},{
	 "id": "99", 
	 "label": "Add_Package" 
},{
	 "id": "100", 
	 "label": "Add_SwImplementation" 
},{
	 "id": "101", 
	 "label": "Add_SwImplementation" 
},{
	 "id": "102", 
	 "label": "Preserve_Component" 
},{
	 "id": "103", 
	 "label": "Add_Package" 
},{
	 "id": "104", 
	 "label": "Add_Component" 
},{
	 "id": "105", 
	 "label": "Add_Requirement" 
},{
	 "id": "106", 
	 "label": "Add_Component" 
},{
	 "id": "107", 
	 "label": "Add_Port" 
},{
	 "id": "108", 
	 "label": "Add_Requirement" 
},{
	 "id": "109", 
	 "label": "Add_SwImplementation" 
},{
	 "id": "110", 
	 "label": "Add_Package" 
},{
	 "id": "111", 
	 "label": "Add_SwImplementation" 
},{
	 "id": "112", 
	 "label": "Add_Package" 
},{
	 "id": "113", 
	 "label": "Add_Component" 
},{
	 "id": "114", 
	 "label": "Add_Requirement" 
},{
	 "id": "115", 
	 "label": "Add_Connector" 
},{
	 "id": "116", 
	 "label": "Add_Requirement" 
},{
	 "id": "117", 
	 "label": "Add_Port" 
},{
	 "id": "118", 
	 "label": "Add_Package" 
},{
	 "id": "119", 
	 "label": "Add_SwImplementation" 
},{
	 "id": "120", 
	 "label": "Preserve_Component" 
},{
	 "id": "121", 
	 "label": "Add_Connector" 
},{
	 "id": "122", 
	 "label": "Add_Requirement" 
},{
	 "id": "123", 
	 "label": "Add_Component" 
},{
	 "id": "124", 
	 "label": "Add_Port" 
},{
	 "id": "125", 
	 "label": "Add_Requirement" 
},{
	 "id": "126", 
	 "label": "Add_SwImplementation" 
},{
	 "id": "127", 
	 "label": "Add_Port" 
},{
	 "id": "128", 
	 "label": "Add_Package" 
},{
	 "id": "129", 
	 "label": "Add_Component" 
},{
	 "id": "130", 
	 "label": "Add_Requirement" 
},{
	 "id": "131", 
	 "label": "Add_Package" 
},{
	 "id": "132", 
	 "label": "Add_SwImplementation" 
},{
	 "id": "133", 
	 "label": "Preserve_Component" 
},{
	 "id": "134", 
	 "label": "Add_Package" 
},{
	 "id": "135", 
	 "label": "Add_SwImplementation" 
},{
	 "id": "136", 
	 "label": "Add_Port" 
},{
	 "id": "137", 
	 "label": "Add_Port" 
},{
	 "id": "138", 
	 "label": "Add_Package" 
},{
	 "id": "139", 
	 "label": "Add_Package" 
},{
	 "id": "140", 
	 "label": "Add_Component" 
},{
	 "id": "141", 
	 "label": "Add_Requirement" 
},{
	 "id": "142", 
	 "label": "Add_Package" 
},{
	 "id": "143", 
	 "label": "Add_Component" 
},{
	 "id": "144", 
	 "label": "Add_Requirement" 
},{
	 "id": "145", 
	 "label": "Add_Port" 
},{
	 "id": "146", 
	 "label": "Add_Component" 
},{
	 "id": "147", 
	 "label": "Add_Port" 
},{
	 "id": "148", 
	 "label": "Add_Requirement" 
},{
	 "id": "149", 
	 "label": "Add_SwImplementation" 
},{
	 "id": "150", 
	 "label": "Add_Package" 
},{
	 "id": "151", 
	 "label": "Add_SwImplementation" 
},{
	 "id": "152", 
	 "label": "Preserve_Component" 
},{
	 "id": "153", 
	 "label": "Add_Package" 
},{
	 "id": "154", 
	 "label": "Add_Connector" 
},{
	 "id": "155", 
	 "label": "Add_Requirement" 
},{
	 "id": "156", 
	 "label": "Add_Port" 
},{
	 "id": "157", 
	 "label": "Add_Connector" 
},{
	 "id": "158", 
	 "label": "Add_Requirement" 
},{
	 "id": "159", 
	 "label": "Add_Port" 
},{
	 "id": "160", 
	 "label": "Add_Package" 
},{
	 "id": "161", 
	 "label": "Add_Connector" 
},{
	 "id": "162", 
	 "label": "Add_Requirement" 
},{
	 "id": "163", 
	 "label": "Add_Port" 
},{
	 "id": "164", 
	 "label": "Add_Port" 
},{
	 "id": "165", 
	 "label": "Add_Component" 
},{
	 "id": "166", 
	 "label": "Add_Requirement" 
},{
	 "id": "167", 
	 "label": "Add_SwImplementation" 
},{
	 "id": "168", 
	 "label": "Add_Package" 
},{
	 "id": "169", 
	 "label": "Add_SwImplementation" 
},{
	 "id": "170", 
	 "label": "Preserve_Component" 
},{
	 "id": "171", 
	 "label": "Preserve_Component" 
},{
	 "id": "172", 
	 "label": "Preserve_Component" 
},{
	 "id": "173", 
	 "label": "Preserve_Component" 
},{
	 "id": "174", 
	 "label": "Preserve_Package" 
},{
	 "id": "175", 
	 "label": "Preserve_Component" 
},{
	 "id": "176", 
	 "label": "Preserve_SwImplementation" 
},{
	 "id": "177", 
	 "label": "Preserve_Component" 
},{
	 "id": "178", 
	 "label": "Preserve_Component" 
},{
	 "id": "179", 
	 "label": "Preserve_Package" 
},{
	 "id": "180", 
	 "label": "Preserve_Component" 
},{
	 "id": "181", 
	 "label": "Preserve_Package" 
},{
	 "id": "182", 
	 "label": "Preserve_Package" 
},{
	 "id": "183", 
	 "label": "Preserve_Package" 
},{
	 "id": "184", 
	 "label": "Preserve_Component" 
},{
	 "id": "185", 
	 "label": "Preserve_Package" 
},{
	 "id": "186", 
	 "label": "Preserve_SwImplementation" 
},{
	 "id": "187", 
	 "label": "Preserve_Package" 
},{
	 "id": "188", 
	 "label": "Preserve_Package" 
},{
	 "id": "189", 
	 "label": "Preserve_Package" 
},{
	 "id": "190", 
	 "label": "Preserve_Component" 
},{
	 "id": "191", 
	 "label": "Preserve_Package" 
},{
	 "id": "192", 
	 "label": "Preserve_Package" 
},{
	 "id": "193", 
	 "label": "Preserve_SwImplementation" 
},{
	 "id": "194", 
	 "label": "Preserve_Package" 
},{
	 "id": "195", 
	 "label": "Preserve_Package" 
},{
	 "id": "196", 
	 "label": "Preserve_Package" 
},{
	 "id": "197", 
	 "label": "Preserve_Package" 
},{
	 "id": "198", 
	 "label": "Preserve_Package" 
},{
	 "id": "199", 
	 "label": "Preserve_Package" 
},{
	 "id": "200", 
	 "label": "Preserve_Component" 
},{
	 "id": "201", 
	 "label": "Preserve_Package" 
},{
	 "id": "202", 
	 "label": "Preserve_Package" 
},{
	 "id": "203", 
	 "label": "Preserve_Package" 
},{
	 "id": "204", 
	 "label": "Preserve_Component" 
},{
	 "id": "205", 
	 "label": "Preserve_Package" 
},{
	 "id": "206", 
	 "label": "Preserve_Package" 
},{
	 "id": "207", 
	 "label": "Preserve_Component" 
},{
	 "id": "208", 
	 "label": "Preserve_Package" 
},{
	 "id": "209", 
	 "label": "Preserve_Package" 
},{
	 "id": "210", 
	 "label": "Preserve_Package" 
},{
	 "id": "211", 
	 "label": "Preserve_Package" 
},{
	 "id": "212", 
	 "label": "Preserve_Component" 
},{
	 "id": "213", 
	 "label": "Preserve_Package" 
},{
	 "id": "214", 
	 "label": "Preserve_Package" 
},{
	 "id": "215", 
	 "label": "Preserve_Package" 
},{
	 "id": "216", 
	 "label": "Preserve_Component" 
},{
	 "id": "217", 
	 "label": "Preserve_Package" 
},{
	 "id": "218", 
	 "label": "Preserve_Component" 
},{
	 "id": "219", 
	 "label": "Preserve_Component" 
},{
	 "id": "220", 
	 "label": "Preserve_Package" 
},{
	 "id": "221", 
	 "label": "Preserve_Component" 
},{
	 "id": "222", 
	 "label": "Preserve_Package" 
},{
	 "id": "223", 
	 "label": "Preserve_SwImplementation" 
},{
	 "id": "224", 
	 "label": "Preserve_Package" 
},{
	 "id": "225", 
	 "label": "Preserve_Package" 
},{
	 "id": "226", 
	 "label": "Preserve_Package" 
},{
	 "id": "227", 
	 "label": "Preserve_Package" 
},{
	 "id": "228", 
	 "label": "Preserve_Package" 
},{
	 "id": "229", 
	 "label": "Preserve_SwImplementation" 
},{
	 "id": "230", 
	 "label": "Preserve_Component" 
},{
	 "id": "231", 
	 "label": "Preserve_Package" 
},{
	 "id": "232", 
	 "label": "Preserve_Package" 
},{
	 "id": "233", 
	 "label": "Preserve_Package" 
},{
	 "id": "234", 
	 "label": "Preserve_Package" 
},{
	 "id": "235", 
	 "label": "Preserve_Component" 
}], 
 "links": [{
	 "source": "1", 
	 "target": "2", 
	 "label": "Add_requirement" 
},{
	 "source": "1", 
	 "target": "3", 
	 "label": "Add_swimplementation" 
},{
	 "source": "3", 
	 "target": "1", 
	 "label": "Add_component" 
},{
	 "source": "4", 
	 "target": "5", 
	 "label": "Add_port" 
},{
	 "source": "4", 
	 "target": "6", 
	 "label": "Add_requirement" 
},{
	 "source": "4", 
	 "target": "7", 
	 "label": "Add_swimplementation" 
},{
	 "source": "7", 
	 "target": "4", 
	 "label": "Add_component" 
},{
	 "source": "11", 
	 "target": "12", 
	 "label": "Add_requirement" 
},{
	 "source": "11", 
	 "target": "13", 
	 "label": "Add_swimplementation" 
},{
	 "source": "17", 
	 "target": "18", 
	 "label": "Add_component" 
},{
	 "source": "13", 
	 "target": "11", 
	 "label": "Add_component" 
},{
	 "source": "21", 
	 "target": "22", 
	 "label": "Add_component" 
},{
	 "source": "22", 
	 "target": "23", 
	 "label": "Add_requirement" 
},{
	 "source": "25", 
	 "target": "26", 
	 "label": "Add_component" 
},{
	 "source": "26", 
	 "target": "27", 
	 "label": "Add_requirement" 
},{
	 "source": "28", 
	 "target": "29", 
	 "label": "Add_component" 
},{
	 "source": "30", 
	 "target": "31", 
	 "label": "Add_requirement" 
},{
	 "source": "30", 
	 "target": "32", 
	 "label": "Add_src" 
},{
	 "source": "30", 
	 "target": "33", 
	 "label": "Add_tgt" 
},{
	 "source": "35", 
	 "target": "36", 
	 "label": "Add_component" 
},{
	 "source": "41", 
	 "target": "42", 
	 "label": "Add_port" 
},{
	 "source": "41", 
	 "target": "43", 
	 "label": "Add_requirement" 
},{
	 "source": "41", 
	 "target": "44", 
	 "label": "Add_swimplementation" 
},{
	 "source": "44", 
	 "target": "41", 
	 "label": "Add_component" 
},{
	 "source": "49", 
	 "target": "50", 
	 "label": "Add_requirement" 
},{
	 "source": "49", 
	 "target": "51", 
	 "label": "Add_src" 
},{
	 "source": "49", 
	 "target": "24", 
	 "label": "Add_tgt" 
},{
	 "source": "52", 
	 "target": "53", 
	 "label": "Add_requirement" 
},{
	 "source": "52", 
	 "target": "54", 
	 "label": "Add_src" 
},{
	 "source": "52", 
	 "target": "55", 
	 "label": "Add_tgt" 
},{
	 "source": "56", 
	 "target": "57", 
	 "label": "Add_component" 
},{
	 "source": "59", 
	 "target": "60", 
	 "label": "Add_requirement" 
},{
	 "source": "59", 
	 "target": "37", 
	 "label": "Add_src" 
},{
	 "source": "59", 
	 "target": "61", 
	 "label": "Add_tgt" 
},{
	 "source": "62", 
	 "target": "63", 
	 "label": "Add_requirement" 
},{
	 "source": "62", 
	 "target": "0", 
	 "label": "Add_src" 
},{
	 "source": "62", 
	 "target": "64", 
	 "label": "Add_tgt" 
},{
	 "source": "66", 
	 "target": "67", 
	 "label": "Add_component" 
},{
	 "source": "71", 
	 "target": "72", 
	 "label": "Add_component" 
},{
	 "source": "77", 
	 "target": "78", 
	 "label": "Add_component" 
},{
	 "source": "78", 
	 "target": "79", 
	 "label": "Add_requirement" 
},{
	 "source": "81", 
	 "target": "82", 
	 "label": "Add_component" 
},{
	 "source": "83", 
	 "target": "84", 
	 "label": "Add_requirement" 
},{
	 "source": "83", 
	 "target": "85", 
	 "label": "Add_swimplementation" 
},{
	 "source": "86", 
	 "target": "87", 
	 "label": "Add_requirement" 
},{
	 "source": "86", 
	 "target": "88", 
	 "label": "Add_src" 
},{
	 "source": "86", 
	 "target": "40", 
	 "label": "Add_tgt" 
},{
	 "source": "85", 
	 "target": "83", 
	 "label": "Add_component" 
},{
	 "source": "89", 
	 "target": "90", 
	 "label": "Add_requirement" 
},{
	 "source": "89", 
	 "target": "68", 
	 "label": "Add_src" 
},{
	 "source": "89", 
	 "target": "39", 
	 "label": "Add_tgt" 
},{
	 "source": "91", 
	 "target": "92", 
	 "label": "Add_requirement" 
},{
	 "source": "91", 
	 "target": "93", 
	 "label": "Add_swimplementation" 
},{
	 "source": "93", 
	 "target": "91", 
	 "label": "Add_component" 
},{
	 "source": "95", 
	 "target": "96", 
	 "label": "Add_port" 
},{
	 "source": "95", 
	 "target": "97", 
	 "label": "Add_requirement" 
},{
	 "source": "95", 
	 "target": "98", 
	 "label": "Add_swimplementation" 
},{
	 "source": "98", 
	 "target": "95", 
	 "label": "Add_component" 
},{
	 "source": "101", 
	 "target": "102", 
	 "label": "Add_component" 
},{
	 "source": "103", 
	 "target": "104", 
	 "label": "Add_component" 
},{
	 "source": "104", 
	 "target": "105", 
	 "label": "Add_requirement" 
},{
	 "source": "106", 
	 "target": "107", 
	 "label": "Add_port" 
},{
	 "source": "106", 
	 "target": "108", 
	 "label": "Add_requirement" 
},{
	 "source": "106", 
	 "target": "109", 
	 "label": "Add_swimplementation" 
},{
	 "source": "109", 
	 "target": "106", 
	 "label": "Add_component" 
},{
	 "source": "112", 
	 "target": "113", 
	 "label": "Add_component" 
},{
	 "source": "113", 
	 "target": "114", 
	 "label": "Add_requirement" 
},{
	 "source": "115", 
	 "target": "116", 
	 "label": "Add_requirement" 
},{
	 "source": "115", 
	 "target": "14", 
	 "label": "Add_src" 
},{
	 "source": "115", 
	 "target": "58", 
	 "label": "Add_tgt" 
},{
	 "source": "119", 
	 "target": "120", 
	 "label": "Add_component" 
},{
	 "source": "121", 
	 "target": "122", 
	 "label": "Add_requirement" 
},{
	 "source": "121", 
	 "target": "65", 
	 "label": "Add_src" 
},{
	 "source": "121", 
	 "target": "73", 
	 "label": "Add_tgt" 
},{
	 "source": "123", 
	 "target": "124", 
	 "label": "Add_port" 
},{
	 "source": "123", 
	 "target": "125", 
	 "label": "Add_requirement" 
},{
	 "source": "123", 
	 "target": "126", 
	 "label": "Add_swimplementation" 
},{
	 "source": "128", 
	 "target": "129", 
	 "label": "Add_component" 
},{
	 "source": "129", 
	 "target": "130", 
	 "label": "Add_requirement" 
},{
	 "source": "132", 
	 "target": "133", 
	 "label": "Add_component" 
},{
	 "source": "126", 
	 "target": "123", 
	 "label": "Add_component" 
},{
	 "source": "139", 
	 "target": "140", 
	 "label": "Add_component" 
},{
	 "source": "140", 
	 "target": "141", 
	 "label": "Add_requirement" 
},{
	 "source": "142", 
	 "target": "143", 
	 "label": "Add_component" 
},{
	 "source": "143", 
	 "target": "144", 
	 "label": "Add_requirement" 
},{
	 "source": "146", 
	 "target": "147", 
	 "label": "Add_port" 
},{
	 "source": "146", 
	 "target": "148", 
	 "label": "Add_requirement" 
},{
	 "source": "146", 
	 "target": "149", 
	 "label": "Add_swimplementation" 
},{
	 "source": "149", 
	 "target": "146", 
	 "label": "Add_component" 
},{
	 "source": "151", 
	 "target": "152", 
	 "label": "Add_component" 
},{
	 "source": "154", 
	 "target": "155", 
	 "label": "Add_requirement" 
},{
	 "source": "154", 
	 "target": "156", 
	 "label": "Add_src" 
},{
	 "source": "154", 
	 "target": "38", 
	 "label": "Add_tgt" 
},{
	 "source": "157", 
	 "target": "158", 
	 "label": "Add_requirement" 
},{
	 "source": "157", 
	 "target": "94", 
	 "label": "Add_src" 
},{
	 "source": "157", 
	 "target": "136", 
	 "label": "Add_tgt" 
},{
	 "source": "161", 
	 "target": "162", 
	 "label": "Add_requirement" 
},{
	 "source": "161", 
	 "target": "34", 
	 "label": "Add_src" 
},{
	 "source": "161", 
	 "target": "163", 
	 "label": "Add_tgt" 
},{
	 "source": "165", 
	 "target": "166", 
	 "label": "Add_requirement" 
},{
	 "source": "165", 
	 "target": "167", 
	 "label": "Add_swimplementation" 
},{
	 "source": "167", 
	 "target": "165", 
	 "label": "Add_component" 
},{
	 "source": "169", 
	 "target": "170", 
	 "label": "Add_component" 
},{
	 "source": "171", 
	 "target": "156", 
	 "label": "Add_port" 
},{
	 "source": "172", 
	 "target": "61", 
	 "label": "Add_port" 
},{
	 "source": "173", 
	 "target": "88", 
	 "label": "Add_port" 
},{
	 "source": "174", 
	 "target": "165", 
	 "label": "Add_component" 
},{
	 "source": "174", 
	 "target": "168", 
	 "label": "Add_package" 
},{
	 "source": "174", 
	 "target": "166", 
	 "label": "Add_requirement" 
},{
	 "source": "174", 
	 "target": "167", 
	 "label": "Add_swimplementation" 
},{
	 "source": "174", 
	 "target": "169", 
	 "label": "Add_swimplementation" 
},{
	 "source": "175", 
	 "target": "51", 
	 "label": "Add_port" 
},{
	 "source": "170", 
	 "target": "176", 
	 "label": "Remove_swimplementation" 
},{
	 "source": "170", 
	 "target": "169", 
	 "label": "Add_swimplementation" 
},{
	 "source": "177", 
	 "target": "164", 
	 "label": "Add_port" 
},{
	 "source": "176", 
	 "target": "170", 
	 "label": "Remove_component" 
},{
	 "source": "178", 
	 "target": "163", 
	 "label": "Add_port" 
},{
	 "source": "179", 
	 "target": "160", 
	 "label": "Add_package" 
},{
	 "source": "179", 
	 "target": "161", 
	 "label": "Add_connector" 
},{
	 "source": "179", 
	 "target": "162", 
	 "label": "Add_requirement" 
},{
	 "source": "180", 
	 "target": "159", 
	 "label": "Add_port" 
},{
	 "source": "181", 
	 "target": "157", 
	 "label": "Add_connector" 
},{
	 "source": "181", 
	 "target": "158", 
	 "label": "Add_requirement" 
},{
	 "source": "182", 
	 "target": "154", 
	 "label": "Add_connector" 
},{
	 "source": "182", 
	 "target": "155", 
	 "label": "Add_requirement" 
},{
	 "source": "183", 
	 "target": "153", 
	 "label": "Add_package" 
},{
	 "source": "184", 
	 "target": "145", 
	 "label": "Add_port" 
},{
	 "source": "184", 
	 "target": "32", 
	 "label": "Add_port" 
},{
	 "source": "185", 
	 "target": "146", 
	 "label": "Add_component" 
},{
	 "source": "185", 
	 "target": "150", 
	 "label": "Add_package" 
},{
	 "source": "185", 
	 "target": "148", 
	 "label": "Add_requirement" 
},{
	 "source": "185", 
	 "target": "149", 
	 "label": "Add_swimplementation" 
},{
	 "source": "185", 
	 "target": "151", 
	 "label": "Add_swimplementation" 
},{
	 "source": "152", 
	 "target": "186", 
	 "label": "Remove_swimplementation" 
},{
	 "source": "152", 
	 "target": "151", 
	 "label": "Add_swimplementation" 
},{
	 "source": "186", 
	 "target": "152", 
	 "label": "Remove_component" 
},{
	 "source": "187", 
	 "target": "142", 
	 "label": "Add_package" 
},{
	 "source": "187", 
	 "target": "144", 
	 "label": "Add_requirement" 
},{
	 "source": "188", 
	 "target": "139", 
	 "label": "Add_package" 
},{
	 "source": "188", 
	 "target": "141", 
	 "label": "Add_requirement" 
},{
	 "source": "189", 
	 "target": "138", 
	 "label": "Add_package" 
},{
	 "source": "190", 
	 "target": "137", 
	 "label": "Add_port" 
},{
	 "source": "190", 
	 "target": "136", 
	 "label": "Add_port" 
},{
	 "source": "191", 
	 "target": "121", 
	 "label": "Add_connector" 
},{
	 "source": "191", 
	 "target": "122", 
	 "label": "Add_requirement" 
},{
	 "source": "192", 
	 "target": "118", 
	 "label": "Add_package" 
},{
	 "source": "192", 
	 "target": "119", 
	 "label": "Add_swimplementation" 
},{
	 "source": "120", 
	 "target": "117", 
	 "label": "Add_port" 
},{
	 "source": "120", 
	 "target": "54", 
	 "label": "Add_port" 
},{
	 "source": "120", 
	 "target": "193", 
	 "label": "Remove_swimplementation" 
},{
	 "source": "120", 
	 "target": "119", 
	 "label": "Add_swimplementation" 
},{
	 "source": "193", 
	 "target": "120", 
	 "label": "Remove_component" 
},{
	 "source": "194", 
	 "target": "115", 
	 "label": "Add_connector" 
},{
	 "source": "194", 
	 "target": "116", 
	 "label": "Add_requirement" 
},{
	 "source": "195", 
	 "target": "112", 
	 "label": "Add_package" 
},{
	 "source": "195", 
	 "target": "114", 
	 "label": "Add_requirement" 
},{
	 "source": "196", 
	 "target": "106", 
	 "label": "Add_component" 
},{
	 "source": "196", 
	 "target": "110", 
	 "label": "Add_package" 
},{
	 "source": "196", 
	 "target": "108", 
	 "label": "Add_requirement" 
},{
	 "source": "196", 
	 "target": "111", 
	 "label": "Add_swimplementation" 
},{
	 "source": "196", 
	 "target": "109", 
	 "label": "Add_swimplementation" 
},{
	 "source": "197", 
	 "target": "95", 
	 "label": "Add_component" 
},{
	 "source": "197", 
	 "target": "99", 
	 "label": "Add_package" 
},{
	 "source": "197", 
	 "target": "97", 
	 "label": "Add_requirement" 
},{
	 "source": "197", 
	 "target": "100", 
	 "label": "Add_swimplementation" 
},{
	 "source": "197", 
	 "target": "101", 
	 "label": "Add_swimplementation" 
},{
	 "source": "197", 
	 "target": "98", 
	 "label": "Add_swimplementation" 
},{
	 "source": "102", 
	 "target": "94", 
	 "label": "Add_port" 
},{
	 "source": "102", 
	 "target": "101", 
	 "label": "Add_swimplementation" 
},{
	 "source": "198", 
	 "target": "91", 
	 "label": "Add_component" 
},{
	 "source": "198", 
	 "target": "92", 
	 "label": "Add_requirement" 
},{
	 "source": "198", 
	 "target": "93", 
	 "label": "Add_swimplementation" 
},{
	 "source": "199", 
	 "target": "89", 
	 "label": "Add_connector" 
},{
	 "source": "199", 
	 "target": "90", 
	 "label": "Add_requirement" 
},{
	 "source": "200", 
	 "target": "55", 
	 "label": "Add_port" 
},{
	 "source": "201", 
	 "target": "103", 
	 "label": "Add_package" 
},{
	 "source": "201", 
	 "target": "105", 
	 "label": "Add_requirement" 
},{
	 "source": "202", 
	 "target": "83", 
	 "label": "Add_component" 
},{
	 "source": "202", 
	 "target": "84", 
	 "label": "Add_requirement" 
},{
	 "source": "202", 
	 "target": "85", 
	 "label": "Add_swimplementation" 
},{
	 "source": "203", 
	 "target": "86", 
	 "label": "Add_connector" 
},{
	 "source": "203", 
	 "target": "87", 
	 "label": "Add_requirement" 
},{
	 "source": "204", 
	 "target": "64", 
	 "label": "Add_port" 
},{
	 "source": "205", 
	 "target": "80", 
	 "label": "Add_package" 
},{
	 "source": "205", 
	 "target": "77", 
	 "label": "Add_package" 
},{
	 "source": "205", 
	 "target": "79", 
	 "label": "Add_requirement" 
},{
	 "source": "205", 
	 "target": "81", 
	 "label": "Add_swimplementation" 
},{
	 "source": "82", 
	 "target": "76", 
	 "label": "Add_port" 
},{
	 "source": "82", 
	 "target": "81", 
	 "label": "Add_swimplementation" 
},{
	 "source": "206", 
	 "target": "75", 
	 "label": "Add_package" 
},{
	 "source": "207", 
	 "target": "73", 
	 "label": "Add_port" 
},{
	 "source": "207", 
	 "target": "74", 
	 "label": "Add_port" 
},{
	 "source": "208", 
	 "target": "70", 
	 "label": "Add_package" 
},{
	 "source": "208", 
	 "target": "71", 
	 "label": "Add_swimplementation" 
},{
	 "source": "72", 
	 "target": "68", 
	 "label": "Add_port" 
},{
	 "source": "72", 
	 "target": "69", 
	 "label": "Add_port" 
},{
	 "source": "72", 
	 "target": "71", 
	 "label": "Add_swimplementation" 
},{
	 "source": "209", 
	 "target": "66", 
	 "label": "Add_swimplementation" 
},{
	 "source": "67", 
	 "target": "65", 
	 "label": "Add_port" 
},{
	 "source": "67", 
	 "target": "66", 
	 "label": "Add_swimplementation" 
},{
	 "source": "210", 
	 "target": "62", 
	 "label": "Add_connector" 
},{
	 "source": "210", 
	 "target": "63", 
	 "label": "Add_requirement" 
},{
	 "source": "211", 
	 "target": "59", 
	 "label": "Add_connector" 
},{
	 "source": "211", 
	 "target": "60", 
	 "label": "Add_requirement" 
},{
	 "source": "212", 
	 "target": "58", 
	 "label": "Add_port" 
},{
	 "source": "213", 
	 "target": "56", 
	 "label": "Add_swimplementation" 
},{
	 "source": "57", 
	 "target": "33", 
	 "label": "Add_port" 
},{
	 "source": "57", 
	 "target": "56", 
	 "label": "Add_swimplementation" 
},{
	 "source": "214", 
	 "target": "52", 
	 "label": "Add_connector" 
},{
	 "source": "214", 
	 "target": "53", 
	 "label": "Add_requirement" 
},{
	 "source": "215", 
	 "target": "48", 
	 "label": "Add_package" 
},{
	 "source": "215", 
	 "target": "49", 
	 "label": "Add_connector" 
},{
	 "source": "215", 
	 "target": "50", 
	 "label": "Add_requirement" 
},{
	 "source": "216", 
	 "target": "47", 
	 "label": "Add_port" 
},{
	 "source": "217", 
	 "target": "41", 
	 "label": "Add_component" 
},{
	 "source": "217", 
	 "target": "45", 
	 "label": "Add_package" 
},{
	 "source": "217", 
	 "target": "43", 
	 "label": "Add_requirement" 
},{
	 "source": "217", 
	 "target": "46", 
	 "label": "Add_swimplementation" 
},{
	 "source": "217", 
	 "target": "44", 
	 "label": "Add_swimplementation" 
},{
	 "source": "218", 
	 "target": "40", 
	 "label": "Add_port" 
},{
	 "source": "219", 
	 "target": "37", 
	 "label": "Add_port" 
},{
	 "source": "220", 
	 "target": "35", 
	 "label": "Add_swimplementation" 
},{
	 "source": "36", 
	 "target": "34", 
	 "label": "Add_port" 
},{
	 "source": "36", 
	 "target": "35", 
	 "label": "Add_swimplementation" 
},{
	 "source": "221", 
	 "target": "38", 
	 "label": "Add_port" 
},{
	 "source": "221", 
	 "target": "39", 
	 "label": "Add_port" 
},{
	 "source": "222", 
	 "target": "28", 
	 "label": "Add_swimplementation" 
},{
	 "source": "29", 
	 "target": "24", 
	 "label": "Add_port" 
},{
	 "source": "29", 
	 "target": "223", 
	 "label": "Remove_swimplementation" 
},{
	 "source": "29", 
	 "target": "28", 
	 "label": "Add_swimplementation" 
},{
	 "source": "224", 
	 "target": "25", 
	 "label": "Add_package" 
},{
	 "source": "224", 
	 "target": "27", 
	 "label": "Add_requirement" 
},{
	 "source": "223", 
	 "target": "29", 
	 "label": "Remove_component" 
},{
	 "source": "225", 
	 "target": "21", 
	 "label": "Add_package" 
},{
	 "source": "225", 
	 "target": "23", 
	 "label": "Add_requirement" 
},{
	 "source": "226", 
	 "target": "30", 
	 "label": "Add_connector" 
},{
	 "source": "226", 
	 "target": "31", 
	 "label": "Add_requirement" 
},{
	 "source": "227", 
	 "target": "11", 
	 "label": "Add_component" 
},{
	 "source": "227", 
	 "target": "19", 
	 "label": "Add_package" 
},{
	 "source": "227", 
	 "target": "12", 
	 "label": "Add_requirement" 
},{
	 "source": "227", 
	 "target": "20", 
	 "label": "Add_swimplementation" 
},{
	 "source": "227", 
	 "target": "13", 
	 "label": "Add_swimplementation" 
},{
	 "source": "228", 
	 "target": "16", 
	 "label": "Add_package" 
},{
	 "source": "228", 
	 "target": "17", 
	 "label": "Add_swimplementation" 
},{
	 "source": "18", 
	 "target": "14", 
	 "label": "Add_port" 
},{
	 "source": "18", 
	 "target": "15", 
	 "label": "Add_port" 
},{
	 "source": "18", 
	 "target": "229", 
	 "label": "Remove_swimplementation" 
},{
	 "source": "18", 
	 "target": "17", 
	 "label": "Add_swimplementation" 
},{
	 "source": "229", 
	 "target": "18", 
	 "label": "Remove_component" 
},{
	 "source": "230", 
	 "target": "10", 
	 "label": "Add_port" 
},{
	 "source": "231", 
	 "target": "1", 
	 "label": "Add_component" 
},{
	 "source": "231", 
	 "target": "2", 
	 "label": "Add_requirement" 
},{
	 "source": "231", 
	 "target": "3", 
	 "label": "Add_swimplementation" 
},{
	 "source": "232", 
	 "target": "4", 
	 "label": "Add_component" 
},{
	 "source": "232", 
	 "target": "8", 
	 "label": "Add_package" 
},{
	 "source": "232", 
	 "target": "6", 
	 "label": "Add_requirement" 
},{
	 "source": "232", 
	 "target": "9", 
	 "label": "Add_swimplementation" 
},{
	 "source": "232", 
	 "target": "7", 
	 "label": "Add_swimplementation" 
},{
	 "source": "233", 
	 "target": "123", 
	 "label": "Add_component" 
},{
	 "source": "233", 
	 "target": "134", 
	 "label": "Add_package" 
},{
	 "source": "233", 
	 "target": "125", 
	 "label": "Add_requirement" 
},{
	 "source": "233", 
	 "target": "126", 
	 "label": "Add_swimplementation" 
},{
	 "source": "233", 
	 "target": "135", 
	 "label": "Add_swimplementation" 
},{
	 "source": "234", 
	 "target": "131", 
	 "label": "Add_package" 
},{
	 "source": "234", 
	 "target": "128", 
	 "label": "Add_package" 
},{
	 "source": "234", 
	 "target": "130", 
	 "label": "Add_requirement" 
},{
	 "source": "234", 
	 "target": "132", 
	 "label": "Add_swimplementation" 
},{
	 "source": "133", 
	 "target": "127", 
	 "label": "Add_port" 
},{
	 "source": "133", 
	 "target": "132", 
	 "label": "Add_swimplementation" 
},{
	 "source": "235", 
	 "target": "0", 
	 "label": "Add_port" 
}]}