{"directed": true, "multigraph": false, "graph": {}, 
  "nodes": [{
	 "id": "0", 
	 "label": "Add_Port" 
},{
	 "id": "1", 
	 "label": "Add_Package" 
},{
	 "id": "2", 
	 "label": "Add_Component" 
},{
	 "id": "3", 
	 "label": "Add_Requirement" 
},{
	 "id": "4", 
	 "label": "Add_Port" 
},{
	 "id": "5", 
	 "label": "Add_Component" 
},{
	 "id": "6", 
	 "label": "Add_Port" 
},{
	 "id": "7", 
	 "label": "Add_Requirement" 
},{
	 "id": "8", 
	 "label": "Add_SwImplementation" 
},{
	 "id": "9", 
	 "label": "Add_Package" 
},{
	 "id": "10", 
	 "label": "Add_Connector" 
},{
	 "id": "11", 
	 "label": "Add_Requirement" 
},{
	 "id": "12", 
	 "label": "Add_Port" 
},{
	 "id": "13", 
	 "label": "Add_Port" 
},{
	 "id": "14", 
	 "label": "Add_Connector" 
},{
	 "id": "15", 
	 "label": "Add_Requirement" 
},{
	 "id": "16", 
	 "label": "Add_Port" 
},{
	 "id": "17", 
	 "label": "Add_Port" 
},{
	 "id": "18", 
	 "label": "Add_SwImplementation" 
},{
	 "id": "19", 
	 "label": "Add_SwImplementation" 
},{
	 "id": "20", 
	 "label": "Preserve_Component" 
},{
	 "id": "21", 
	 "label": "Add_Connector" 
},{
	 "id": "22", 
	 "label": "Add_Requirement" 
},{
	 "id": "23", 
	 "label": "Add_Port" 
},{
	 "id": "24", 
	 "label": "Add_Port" 
},{
	 "id": "25", 
	 "label": "Add_Port" 
},{
	 "id": "26", 
	 "label": "Add_Port" 
},{
	 "id": "27", 
	 "label": "Add_Port" 
},{
	 "id": "28", 
	 "label": "Add_Component" 
},{
	 "id": "29", 
	 "label": "Add_Requirement" 
},{
	 "id": "30", 
	 "label": "Add_SwImplementation" 
},{
	 "id": "31", 
	 "label": "Add_Package" 
},{
	 "id": "32", 
	 "label": "Add_SwImplementation" 
},{
	 "id": "33", 
	 "label": "Preserve_Component" 
},{
	 "id": "34", 
	 "label": "Add_Package" 
},{
	 "id": "35", 
	 "label": "Add_Connector" 
},{
	 "id": "36", 
	 "label": "Add_Requirement" 
},{
	 "id": "37", 
	 "label": "Add_Port" 
},{
	 "id": "38", 
	 "label": "Add_Port" 
},{
	 "id": "39", 
	 "label": "Add_SwImplementation" 
},{
	 "id": "40", 
	 "label": "Preserve_Component" 
},{
	 "id": "41", 
	 "label": "Add_SwImplementation" 
},{
	 "id": "42", 
	 "label": "Preserve_Component" 
},{
	 "id": "43", 
	 "label": "Add_Package" 
},{
	 "id": "44", 
	 "label": "Add_Component" 
},{
	 "id": "45", 
	 "label": "Add_Package" 
},{
	 "id": "46", 
	 "label": "Add_Port" 
},{
	 "id": "47", 
	 "label": "Add_Port" 
},{
	 "id": "48", 
	 "label": "Add_Requirement" 
},{
	 "id": "49", 
	 "label": "Add_Port" 
},{
	 "id": "50", 
	 "label": "Add_Port" 
},{
	 "id": "51", 
	 "label": "Add_SwImplementation" 
},{
	 "id": "52", 
	 "label": "Preserve_Component" 
},{
	 "id": "53", 
	 "label": "Add_Component" 
},{
	 "id": "54", 
	 "label": "Add_Port" 
},{
	 "id": "55", 
	 "label": "Add_Requirement" 
},{
	 "id": "56", 
	 "label": "Add_SwImplementation" 
},{
	 "id": "57", 
	 "label": "Add_Package" 
},{
	 "id": "58", 
	 "label": "Add_SwImplementation" 
},{
	 "id": "59", 
	 "label": "Preserve_Component" 
},{
	 "id": "60", 
	 "label": "Add_Component" 
},{
	 "id": "61", 
	 "label": "Add_Port" 
},{
	 "id": "62", 
	 "label": "Add_Requirement" 
},{
	 "id": "63", 
	 "label": "Add_SwImplementation" 
},{
	 "id": "64", 
	 "label": "Add_Package" 
},{
	 "id": "65", 
	 "label": "Add_SwImplementation" 
},{
	 "id": "66", 
	 "label": "Add_Package" 
},{
	 "id": "67", 
	 "label": "Add_Component" 
},{
	 "id": "68", 
	 "label": "Add_Requirement" 
},{
	 "id": "69", 
	 "label": "Add_Port" 
},{
	 "id": "70", 
	 "label": "Add_Port" 
},{
	 "id": "71", 
	 "label": "Add_Port" 
},{
	 "id": "72", 
	 "label": "Add_Port" 
},{
	 "id": "73", 
	 "label": "Add_Port" 
},{
	 "id": "74", 
	 "label": "Add_Port" 
},{
	 "id": "75", 
	 "label": "Add_Port" 
},{
	 "id": "76", 
	 "label": "Add_Component" 
},{
	 "id": "77", 
	 "label": "Add_Port" 
},{
	 "id": "78", 
	 "label": "Add_Requirement" 
},{
	 "id": "79", 
	 "label": "Add_SwImplementation" 
},{
	 "id": "80", 
	 "label": "Add_Package" 
},{
	 "id": "81", 
	 "label": "Add_SwImplementation" 
},{
	 "id": "82", 
	 "label": "Add_Package" 
},{
	 "id": "83", 
	 "label": "Add_Component" 
},{
	 "id": "84", 
	 "label": "Add_Requirement" 
},{
	 "id": "85", 
	 "label": "Add_SwImplementation" 
},{
	 "id": "86", 
	 "label": "Preserve_Component" 
},{
	 "id": "87", 
	 "label": "Add_Package" 
},{
	 "id": "88", 
	 "label": "Add_Component" 
},{
	 "id": "89", 
	 "label": "Add_Requirement" 
},{
	 "id": "90", 
	 "label": "Add_Package" 
},{
	 "id": "91", 
	 "label": "Add_Component" 
},{
	 "id": "92", 
	 "label": "Add_Requirement" 
},{
	 "id": "93", 
	 "label": "Add_Package" 
},{
	 "id": "94", 
	 "label": "Add_SwImplementation" 
},{
	 "id": "95", 
	 "label": "Preserve_Component" 
},{
	 "id": "96", 
	 "label": "Add_Package" 
},{
	 "id": "97", 
	 "label": "Add_Port" 
},{
	 "id": "98", 
	 "label": "Add_Port" 
},{
	 "id": "99", 
	 "label": "Add_Package" 
},{
	 "id": "100", 
	 "label": "Add_Connector" 
},{
	 "id": "101", 
	 "label": "Add_Requirement" 
},{
	 "id": "102", 
	 "label": "Add_Port" 
},{
	 "id": "103", 
	 "label": "Add_Package" 
},{
	 "id": "104", 
	 "label": "Add_Component" 
},{
	 "id": "105", 
	 "label": "Add_Requirement" 
},{
	 "id": "106", 
	 "label": "Add_Package" 
},{
	 "id": "107", 
	 "label": "Add_Port" 
},{
	 "id": "108", 
	 "label": "Add_Component" 
},{
	 "id": "109", 
	 "label": "Add_Port" 
},{
	 "id": "110", 
	 "label": "Add_Requirement" 
},{
	 "id": "111", 
	 "label": "Add_SwImplementation" 
},{
	 "id": "112", 
	 "label": "Add_Component" 
},{
	 "id": "113", 
	 "label": "Add_Port" 
},{
	 "id": "114", 
	 "label": "Add_Requirement" 
},{
	 "id": "115", 
	 "label": "Add_SwImplementation" 
},{
	 "id": "116", 
	 "label": "Add_Package" 
},{
	 "id": "117", 
	 "label": "Add_SwImplementation" 
},{
	 "id": "118", 
	 "label": "Add_Package" 
},{
	 "id": "119", 
	 "label": "Add_SwImplementation" 
},{
	 "id": "120", 
	 "label": "Preserve_Component" 
},{
	 "id": "121", 
	 "label": "Add_Component" 
},{
	 "id": "122", 
	 "label": "Add_Port" 
},{
	 "id": "123", 
	 "label": "Add_Requirement" 
},{
	 "id": "124", 
	 "label": "Add_SwImplementation" 
},{
	 "id": "125", 
	 "label": "Add_Port" 
},{
	 "id": "126", 
	 "label": "Add_Package" 
},{
	 "id": "127", 
	 "label": "Add_Component" 
},{
	 "id": "128", 
	 "label": "Add_Requirement" 
},{
	 "id": "129", 
	 "label": "Add_Package" 
},{
	 "id": "130", 
	 "label": "Add_Connector" 
},{
	 "id": "131", 
	 "label": "Add_Requirement" 
},{
	 "id": "132", 
	 "label": "Add_Port" 
},{
	 "id": "133", 
	 "label": "Add_Port" 
},{
	 "id": "134", 
	 "label": "Add_SwImplementation" 
},{
	 "id": "135", 
	 "label": "Add_SwImplementation" 
},{
	 "id": "136", 
	 "label": "Preserve_Component" 
},{
	 "id": "137", 
	 "label": "Add_Package" 
},{
	 "id": "138", 
	 "label": "Add_Component" 
},{
	 "id": "139", 
	 "label": "Add_Requirement" 
},{
	 "id": "140", 
	 "label": "Add_Package" 
},{
	 "id": "141", 
	 "label": "Add_Component" 
},{
	 "id": "142", 
	 "label": "Add_Requirement" 
},{
	 "id": "143", 
	 "label": "Add_Connector" 
},{
	 "id": "144", 
	 "label": "Add_Requirement" 
},{
	 "id": "145", 
	 "label": "Add_Port" 
},{
	 "id": "146", 
	 "label": "Add_Port" 
},{
	 "id": "147", 
	 "label": "Add_Port" 
},{
	 "id": "148", 
	 "label": "Add_Package" 
},{
	 "id": "149", 
	 "label": "Add_Component" 
},{
	 "id": "150", 
	 "label": "Add_Requirement" 
},{
	 "id": "151", 
	 "label": "Add_Package" 
},{
	 "id": "152", 
	 "label": "Add_SwImplementation" 
},{
	 "id": "153", 
	 "label": "Preserve_Component" 
},{
	 "id": "154", 
	 "label": "Add_Port" 
},{
	 "id": "155", 
	 "label": "Add_Component" 
},{
	 "id": "156", 
	 "label": "Add_Port" 
},{
	 "id": "157", 
	 "label": "Add_Requirement" 
},{
	 "id": "158", 
	 "label": "Add_SwImplementation" 
},{
	 "id": "159", 
	 "label": "Add_Package" 
},{
	 "id": "160", 
	 "label": "Add_SwImplementation" 
},{
	 "id": "161", 
	 "label": "Add_Component" 
},{
	 "id": "162", 
	 "label": "Add_Port" 
},{
	 "id": "163", 
	 "label": "Add_Requirement" 
},{
	 "id": "164", 
	 "label": "Add_SwImplementation" 
},{
	 "id": "165", 
	 "label": "Add_Package" 
},{
	 "id": "166", 
	 "label": "Add_SwImplementation" 
},{
	 "id": "167", 
	 "label": "Add_Component" 
},{
	 "id": "168", 
	 "label": "Add_Port" 
},{
	 "id": "169", 
	 "label": "Add_Requirement" 
},{
	 "id": "170", 
	 "label": "Add_SwImplementation" 
},{
	 "id": "171", 
	 "label": "Add_Package" 
},{
	 "id": "172", 
	 "label": "Add_SwImplementation" 
},{
	 "id": "173", 
	 "label": "Add_Package" 
},{
	 "id": "174", 
	 "label": "Add_Port" 
},{
	 "id": "175", 
	 "label": "Add_Port" 
},{
	 "id": "176", 
	 "label": "Add_Connector" 
},{
	 "id": "177", 
	 "label": "Add_Requirement" 
},{
	 "id": "178", 
	 "label": "Add_Port" 
},{
	 "id": "179", 
	 "label": "Add_Port" 
},{
	 "id": "180", 
	 "label": "Add_Connector" 
},{
	 "id": "181", 
	 "label": "Add_Requirement" 
},{
	 "id": "182", 
	 "label": "Add_Package" 
},{
	 "id": "183", 
	 "label": "Add_Component" 
},{
	 "id": "184", 
	 "label": "Add_Requirement" 
},{
	 "id": "185", 
	 "label": "Add_Package" 
},{
	 "id": "186", 
	 "label": "Add_SwImplementation" 
},{
	 "id": "187", 
	 "label": "Preserve_Component" 
},{
	 "id": "188", 
	 "label": "Add_Component" 
},{
	 "id": "189", 
	 "label": "Add_Port" 
},{
	 "id": "190", 
	 "label": "Add_Requirement" 
},{
	 "id": "191", 
	 "label": "Add_SwImplementation" 
},{
	 "id": "192", 
	 "label": "Add_Package" 
},{
	 "id": "193", 
	 "label": "Add_SwImplementation" 
},{
	 "id": "194", 
	 "label": "Preserve_Component" 
},{
	 "id": "195", 
	 "label": "Add_Package" 
},{
	 "id": "196", 
	 "label": "Add_SwImplementation" 
},{
	 "id": "197", 
	 "label": "Preserve_Component" 
},{
	 "id": "198", 
	 "label": "Add_Port" 
},{
	 "id": "199", 
	 "label": "Add_Port" 
},{
	 "id": "200", 
	 "label": "Add_Package" 
},{
	 "id": "201", 
	 "label": "Add_Package" 
},{
	 "id": "202", 
	 "label": "Add_Requirement" 
},{
	 "id": "203", 
	 "label": "Add_Component" 
},{
	 "id": "204", 
	 "label": "Add_Component" 
},{
	 "id": "205", 
	 "label": "Add_Package" 
},{
	 "id": "206", 
	 "label": "Add_Requirement" 
},{
	 "id": "207", 
	 "label": "Add_SwImplementation" 
},{
	 "id": "208", 
	 "label": "Add_SwImplementation" 
},{
	 "id": "209", 
	 "label": "Add_Port" 
},{
	 "id": "210", 
	 "label": "Add_SwImplementation" 
},{
	 "id": "211", 
	 "label": "Preserve_Component" 
},{
	 "id": "212", 
	 "label": "Add_Connector" 
},{
	 "id": "213", 
	 "label": "Add_Requirement" 
},{
	 "id": "214", 
	 "label": "Add_Port" 
},{
	 "id": "215", 
	 "label": "Add_Port" 
},{
	 "id": "216", 
	 "label": "Add_Package" 
},{
	 "id": "217", 
	 "label": "Add_Component" 
},{
	 "id": "218", 
	 "label": "Add_Requirement" 
},{
	 "id": "219", 
	 "label": "Add_Package" 
},{
	 "id": "220", 
	 "label": "Add_SwImplementation" 
},{
	 "id": "221", 
	 "label": "Preserve_Component" 
},{
	 "id": "222", 
	 "label": "Add_Port" 
},{
	 "id": "223", 
	 "label": "Add_Package" 
},{
	 "id": "224", 
	 "label": "Add_Connector" 
},{
	 "id": "225", 
	 "label": "Add_Requirement" 
},{
	 "id": "226", 
	 "label": "Add_Port" 
},{
	 "id": "227", 
	 "label": "Add_Package" 
},{
	 "id": "228", 
	 "label": "Add_Component" 
},{
	 "id": "229", 
	 "label": "Add_Requirement" 
},{
	 "id": "230", 
	 "label": "Add_Connector" 
},{
	 "id": "231", 
	 "label": "Add_Requirement" 
},{
	 "id": "232", 
	 "label": "Add_Port" 
},{
	 "id": "233", 
	 "label": "Add_Port" 
},{
	 "id": "234", 
	 "label": "Add_Port" 
},{
	 "id": "235", 
	 "label": "Add_Port" 
},{
	 "id": "236", 
	 "label": "Add_Component" 
},{
	 "id": "237", 
	 "label": "Add_Port" 
},{
	 "id": "238", 
	 "label": "Add_Requirement" 
},{
	 "id": "239", 
	 "label": "Add_SwImplementation" 
},{
	 "id": "240", 
	 "label": "Add_Package" 
},{
	 "id": "241", 
	 "label": "Add_Connector" 
},{
	 "id": "242", 
	 "label": "Add_Requirement" 
},{
	 "id": "243", 
	 "label": "Add_Port" 
},{
	 "id": "244", 
	 "label": "Add_SwImplementation" 
},{
	 "id": "245", 
	 "label": "Add_Package" 
},{
	 "id": "246", 
	 "label": "Add_SwImplementation" 
},{
	 "id": "247", 
	 "label": "Add_SwImplementation" 
},{
	 "id": "248", 
	 "label": "Preserve_Component" 
},{
	 "id": "249", 
	 "label": "Add_Connector" 
},{
	 "id": "250", 
	 "label": "Add_Requirement" 
},{
	 "id": "251", 
	 "label": "Add_Port" 
},{
	 "id": "252", 
	 "label": "Add_Component" 
},{
	 "id": "253", 
	 "label": "Add_Port" 
},{
	 "id": "254", 
	 "label": "Add_Requirement" 
},{
	 "id": "255", 
	 "label": "Add_SwImplementation" 
},{
	 "id": "256", 
	 "label": "Add_Package" 
},{
	 "id": "257", 
	 "label": "Add_SwImplementation" 
},{
	 "id": "258", 
	 "label": "Add_Component" 
},{
	 "id": "259", 
	 "label": "Add_Port" 
},{
	 "id": "260", 
	 "label": "Add_Requirement" 
},{
	 "id": "261", 
	 "label": "Add_SwImplementation" 
},{
	 "id": "262", 
	 "label": "Add_Package" 
},{
	 "id": "263", 
	 "label": "Add_SwImplementation" 
},{
	 "id": "264", 
	 "label": "Add_Package" 
},{
	 "id": "265", 
	 "label": "Add_Component" 
},{
	 "id": "266", 
	 "label": "Add_Requirement" 
},{
	 "id": "267", 
	 "label": "Add_Port" 
},{
	 "id": "268", 
	 "label": "Add_Port" 
},{
	 "id": "269", 
	 "label": "Add_Package" 
},{
	 "id": "270", 
	 "label": "Add_SwImplementation" 
},{
	 "id": "271", 
	 "label": "Preserve_Component" 
},{
	 "id": "272", 
	 "label": "Add_Connector" 
},{
	 "id": "273", 
	 "label": "Add_Requirement" 
},{
	 "id": "274", 
	 "label": "Add_Port" 
},{
	 "id": "275", 
	 "label": "Add_Port" 
},{
	 "id": "276", 
	 "label": "Add_Package" 
},{
	 "id": "277", 
	 "label": "Add_SwImplementation" 
},{
	 "id": "278", 
	 "label": "Preserve_Component" 
},{
	 "id": "279", 
	 "label": "Add_Port" 
},{
	 "id": "280", 
	 "label": "Add_SwImplementation" 
},{
	 "id": "281", 
	 "label": "Preserve_Component" 
},{
	 "id": "282", 
	 "label": "Add_Port" 
},{
	 "id": "283", 
	 "label": "Add_Port" 
},{
	 "id": "284", 
	 "label": "Add_Port" 
},{
	 "id": "285", 
	 "label": "Add_Package" 
},{
	 "id": "286", 
	 "label": "Add_Component" 
},{
	 "id": "287", 
	 "label": "Add_Port" 
},{
	 "id": "288", 
	 "label": "Add_Requirement" 
},{
	 "id": "289", 
	 "label": "Add_SwImplementation" 
},{
	 "id": "290", 
	 "label": "Add_Package" 
},{
	 "id": "291", 
	 "label": "Add_SwImplementation" 
},{
	 "id": "292", 
	 "label": "Add_Port" 
},{
	 "id": "293", 
	 "label": "Add_Package" 
},{
	 "id": "294", 
	 "label": "Add_Connector" 
},{
	 "id": "295", 
	 "label": "Add_Requirement" 
},{
	 "id": "296", 
	 "label": "Add_Port" 
},{
	 "id": "297", 
	 "label": "Add_Port" 
},{
	 "id": "298", 
	 "label": "Add_Port" 
},{
	 "id": "299", 
	 "label": "Add_Component" 
},{
	 "id": "300", 
	 "label": "Add_Port" 
},{
	 "id": "301", 
	 "label": "Add_Requirement" 
},{
	 "id": "302", 
	 "label": "Add_SwImplementation" 
},{
	 "id": "303", 
	 "label": "Add_Component" 
},{
	 "id": "304", 
	 "label": "Add_Requirement" 
},{
	 "id": "305", 
	 "label": "Add_SwImplementation" 
},{
	 "id": "306", 
	 "label": "Add_Package" 
},{
	 "id": "307", 
	 "label": "Add_Package" 
},{
	 "id": "308", 
	 "label": "Add_SwImplementation" 
},{
	 "id": "309", 
	 "label": "Add_SwImplementation" 
},{
	 "id": "310", 
	 "label": "Preserve_Component" 
},{
	 "id": "311", 
	 "label": "Add_Port" 
},{
	 "id": "312", 
	 "label": "Add_Port" 
},{
	 "id": "313", 
	 "label": "Add_Package" 
},{
	 "id": "314", 
	 "label": "Add_Package" 
},{
	 "id": "315", 
	 "label": "Add_Connector" 
},{
	 "id": "316", 
	 "label": "Add_Requirement" 
},{
	 "id": "317", 
	 "label": "Add_Port" 
},{
	 "id": "318", 
	 "label": "Add_Port" 
},{
	 "id": "319", 
	 "label": "Add_Component" 
},{
	 "id": "320", 
	 "label": "Add_Port" 
},{
	 "id": "321", 
	 "label": "Add_Requirement" 
},{
	 "id": "322", 
	 "label": "Add_SwImplementation" 
},{
	 "id": "323", 
	 "label": "Add_Package" 
},{
	 "id": "324", 
	 "label": "Add_SwImplementation" 
},{
	 "id": "325", 
	 "label": "Add_SwImplementation" 
},{
	 "id": "326", 
	 "label": "Preserve_Component" 
},{
	 "id": "327", 
	 "label": "Add_Port" 
},{
	 "id": "328", 
	 "label": "Add_Package" 
},{
	 "id": "329", 
	 "label": "Add_Component" 
},{
	 "id": "330", 
	 "label": "Add_Port" 
},{
	 "id": "331", 
	 "label": "Add_Requirement" 
},{
	 "id": "332", 
	 "label": "Add_SwImplementation" 
},{
	 "id": "333", 
	 "label": "Add_Package" 
},{
	 "id": "334", 
	 "label": "Add_SwImplementation" 
},{
	 "id": "335", 
	 "label": "Add_Port" 
},{
	 "id": "336", 
	 "label": "Add_Component" 
},{
	 "id": "337", 
	 "label": "Add_Requirement" 
},{
	 "id": "338", 
	 "label": "Add_SwImplementation" 
},{
	 "id": "339", 
	 "label": "Add_Component" 
},{
	 "id": "340", 
	 "label": "Add_Port" 
},{
	 "id": "341", 
	 "label": "Add_Requirement" 
},{
	 "id": "342", 
	 "label": "Add_SwImplementation" 
},{
	 "id": "343", 
	 "label": "Add_Package" 
},{
	 "id": "344", 
	 "label": "Add_SwImplementation" 
},{
	 "id": "345", 
	 "label": "Preserve_Component" 
},{
	 "id": "346", 
	 "label": "Add_Package" 
},{
	 "id": "347", 
	 "label": "Add_SwImplementation" 
},{
	 "id": "348", 
	 "label": "Add_Connector" 
},{
	 "id": "349", 
	 "label": "Add_Requirement" 
},{
	 "id": "350", 
	 "label": "Add_Port" 
},{
	 "id": "351", 
	 "label": "Add_Port" 
},{
	 "id": "352", 
	 "label": "Add_Port" 
},{
	 "id": "353", 
	 "label": "Add_Port" 
},{
	 "id": "354", 
	 "label": "Add_Component" 
},{
	 "id": "355", 
	 "label": "Add_Port" 
},{
	 "id": "356", 
	 "label": "Add_Port" 
},{
	 "id": "357", 
	 "label": "Add_Requirement" 
},{
	 "id": "358", 
	 "label": "Add_SwImplementation" 
},{
	 "id": "359", 
	 "label": "Add_Port" 
},{
	 "id": "360", 
	 "label": "Add_Package" 
},{
	 "id": "361", 
	 "label": "Add_SwImplementation" 
},{
	 "id": "362", 
	 "label": "Preserve_Component" 
},{
	 "id": "363", 
	 "label": "Add_Component" 
},{
	 "id": "364", 
	 "label": "Add_Port" 
},{
	 "id": "365", 
	 "label": "Add_Requirement" 
},{
	 "id": "366", 
	 "label": "Add_SwImplementation" 
},{
	 "id": "367", 
	 "label": "Add_Port" 
},{
	 "id": "368", 
	 "label": "Add_Port" 
},{
	 "id": "369", 
	 "label": "Add_Port" 
},{
	 "id": "370", 
	 "label": "Add_Package" 
},{
	 "id": "371", 
	 "label": "Add_Component" 
},{
	 "id": "372", 
	 "label": "Add_Requirement" 
},{
	 "id": "373", 
	 "label": "Add_Port" 
},{
	 "id": "374", 
	 "label": "Add_SwImplementation" 
},{
	 "id": "375", 
	 "label": "Preserve_Component" 
},{
	 "id": "376", 
	 "label": "Add_Connector" 
},{
	 "id": "377", 
	 "label": "Add_Requirement" 
},{
	 "id": "378", 
	 "label": "Add_Port" 
},{
	 "id": "379", 
	 "label": "Add_SwImplementation" 
},{
	 "id": "380", 
	 "label": "Preserve_Component" 
},{
	 "id": "381", 
	 "label": "Add_Package" 
},{
	 "id": "382", 
	 "label": "Add_Package" 
},{
	 "id": "383", 
	 "label": "Add_Connector" 
},{
	 "id": "384", 
	 "label": "Add_Requirement" 
},{
	 "id": "385", 
	 "label": "Add_Port" 
},{
	 "id": "386", 
	 "label": "Add_SwImplementation" 
},{
	 "id": "387", 
	 "label": "Preserve_Component" 
},{
	 "id": "388", 
	 "label": "Add_Package" 
},{
	 "id": "389", 
	 "label": "Add_SwImplementation" 
},{
	 "id": "390", 
	 "label": "Preserve_Component" 
},{
	 "id": "391", 
	 "label": "Add_Component" 
},{
	 "id": "392", 
	 "label": "Add_Port" 
},{
	 "id": "393", 
	 "label": "Add_Requirement" 
},{
	 "id": "394", 
	 "label": "Add_SwImplementation" 
},{
	 "id": "395", 
	 "label": "Add_Port" 
},{
	 "id": "396", 
	 "label": "Add_Package" 
},{
	 "id": "397", 
	 "label": "Add_Port" 
},{
	 "id": "398", 
	 "label": "Add_Package" 
},{
	 "id": "399", 
	 "label": "Add_Component" 
},{
	 "id": "400", 
	 "label": "Add_Requirement" 
},{
	 "id": "401", 
	 "label": "Add_Port" 
},{
	 "id": "402", 
	 "label": "Add_Package" 
},{
	 "id": "403", 
	 "label": "Add_SwImplementation" 
},{
	 "id": "404", 
	 "label": "Preserve_Component" 
},{
	 "id": "405", 
	 "label": "Add_Package" 
},{
	 "id": "406", 
	 "label": "Add_SwImplementation" 
},{
	 "id": "407", 
	 "label": "Preserve_Component" 
},{
	 "id": "408", 
	 "label": "Add_Port" 
},{
	 "id": "409", 
	 "label": "Add_Port" 
},{
	 "id": "410", 
	 "label": "Add_Component" 
},{
	 "id": "411", 
	 "label": "Add_Requirement" 
},{
	 "id": "412", 
	 "label": "Add_SwImplementation" 
},{
	 "id": "413", 
	 "label": "Add_Package" 
},{
	 "id": "414", 
	 "label": "Add_Component" 
},{
	 "id": "415", 
	 "label": "Add_Requirement" 
},{
	 "id": "416", 
	 "label": "Add_Package" 
},{
	 "id": "417", 
	 "label": "Add_Connector" 
},{
	 "id": "418", 
	 "label": "Add_Requirement" 
},{
	 "id": "419", 
	 "label": "Add_Package" 
},{
	 "id": "420", 
	 "label": "Add_SwImplementation" 
},{
	 "id": "421", 
	 "label": "Add_SwImplementation" 
},{
	 "id": "422", 
	 "label": "Add_SwImplementation" 
},{
	 "id": "423", 
	 "label": "Preserve_Component" 
},{
	 "id": "424", 
	 "label": "Add_Connector" 
},{
	 "id": "425", 
	 "label": "Add_Requirement" 
},{
	 "id": "426", 
	 "label": "Add_Port" 
},{
	 "id": "427", 
	 "label": "Add_SwImplementation" 
},{
	 "id": "428", 
	 "label": "Preserve_Component" 
},{
	 "id": "429", 
	 "label": "Add_Component" 
},{
	 "id": "430", 
	 "label": "Add_Port" 
},{
	 "id": "431", 
	 "label": "Add_Requirement" 
},{
	 "id": "432", 
	 "label": "Add_SwImplementation" 
},{
	 "id": "433", 
	 "label": "Add_Component" 
},{
	 "id": "434", 
	 "label": "Add_Port" 
},{
	 "id": "435", 
	 "label": "Add_Requirement" 
},{
	 "id": "436", 
	 "label": "Add_SwImplementation" 
},{
	 "id": "437", 
	 "label": "Add_Package" 
},{
	 "id": "438", 
	 "label": "Add_SwImplementation" 
},{
	 "id": "439", 
	 "label": "Add_Package" 
},{
	 "id": "440", 
	 "label": "Add_SwImplementation" 
},{
	 "id": "441", 
	 "label": "Add_Package" 
},{
	 "id": "442", 
	 "label": "Add_Package" 
},{
	 "id": "443", 
	 "label": "Add_Package" 
},{
	 "id": "444", 
	 "label": "Add_SwImplementation" 
},{
	 "id": "445", 
	 "label": "Add_SwImplementation" 
},{
	 "id": "446", 
	 "label": "Preserve_Component" 
},{
	 "id": "447", 
	 "label": "Add_SwImplementation" 
},{
	 "id": "448", 
	 "label": "Preserve_Component" 
},{
	 "id": "449", 
	 "label": "Add_Package" 
},{
	 "id": "450", 
	 "label": "Add_Component" 
},{
	 "id": "451", 
	 "label": "Add_Requirement" 
},{
	 "id": "452", 
	 "label": "Add_Connector" 
},{
	 "id": "453", 
	 "label": "Add_Requirement" 
},{
	 "id": "454", 
	 "label": "Add_SwImplementation" 
},{
	 "id": "455", 
	 "label": "Preserve_Component" 
},{
	 "id": "456", 
	 "label": "Add_Port" 
},{
	 "id": "457", 
	 "label": "Add_Port" 
},{
	 "id": "458", 
	 "label": "Add_Package" 
},{
	 "id": "459", 
	 "label": "Add_Component" 
},{
	 "id": "460", 
	 "label": "Add_Package" 
},{
	 "id": "461", 
	 "label": "Add_Requirement" 
},{
	 "id": "462", 
	 "label": "Add_SwImplementation" 
},{
	 "id": "463", 
	 "label": "Add_SwImplementation" 
},{
	 "id": "464", 
	 "label": "Add_Port" 
},{
	 "id": "465", 
	 "label": "Add_Connector" 
},{
	 "id": "466", 
	 "label": "Add_Requirement" 
},{
	 "id": "467", 
	 "label": "Add_Package" 
},{
	 "id": "468", 
	 "label": "Add_Component" 
},{
	 "id": "469", 
	 "label": "Add_Component" 
},{
	 "id": "470", 
	 "label": "Add_Package" 
},{
	 "id": "471", 
	 "label": "Add_Requirement" 
},{
	 "id": "472", 
	 "label": "Add_SwImplementation" 
},{
	 "id": "473", 
	 "label": "Add_SwImplementation" 
},{
	 "id": "474", 
	 "label": "Add_Port" 
},{
	 "id": "475", 
	 "label": "Add_Requirement" 
},{
	 "id": "476", 
	 "label": "Add_Package" 
},{
	 "id": "477", 
	 "label": "Add_Connector" 
},{
	 "id": "478", 
	 "label": "Add_Requirement" 
},{
	 "id": "479", 
	 "label": "Add_SwImplementation" 
},{
	 "id": "480", 
	 "label": "Add_SwImplementation" 
},{
	 "id": "481", 
	 "label": "Preserve_Component" 
},{
	 "id": "482", 
	 "label": "Add_Port" 
},{
	 "id": "483", 
	 "label": "Add_Package" 
},{
	 "id": "484", 
	 "label": "Add_Connector" 
},{
	 "id": "485", 
	 "label": "Add_Requirement" 
},{
	 "id": "486", 
	 "label": "Add_SwImplementation" 
},{
	 "id": "487", 
	 "label": "Preserve_Component" 
},{
	 "id": "488", 
	 "label": "Add_Port" 
},{
	 "id": "489", 
	 "label": "Add_Package" 
},{
	 "id": "490", 
	 "label": "Add_Component" 
},{
	 "id": "491", 
	 "label": "Add_Requirement" 
},{
	 "id": "492", 
	 "label": "Add_Package" 
},{
	 "id": "493", 
	 "label": "Add_SwImplementation" 
},{
	 "id": "494", 
	 "label": "Preserve_Component" 
},{
	 "id": "495", 
	 "label": "Add_Port" 
},{
	 "id": "496", 
	 "label": "Add_Package" 
},{
	 "id": "497", 
	 "label": "Add_Component" 
},{
	 "id": "498", 
	 "label": "Add_Requirement" 
},{
	 "id": "499", 
	 "label": "Add_Package" 
},{
	 "id": "500", 
	 "label": "Add_Connector" 
},{
	 "id": "501", 
	 "label": "Add_Requirement" 
},{
	 "id": "502", 
	 "label": "Add_SwImplementation" 
},{
	 "id": "503", 
	 "label": "Preserve_Component" 
},{
	 "id": "504", 
	 "label": "Add_Port" 
},{
	 "id": "505", 
	 "label": "Add_Package" 
},{
	 "id": "506", 
	 "label": "Add_SwImplementation" 
},{
	 "id": "507", 
	 "label": "Preserve_Component" 
},{
	 "id": "508", 
	 "label": "Preserve_Package" 
},{
	 "id": "509", 
	 "label": "Preserve_Package" 
},{
	 "id": "510", 
	 "label": "Preserve_Component" 
},{
	 "id": "511", 
	 "label": "Preserve_Package" 
},{
	 "id": "512", 
	 "label": "Preserve_SwImplementation" 
},{
	 "id": "513", 
	 "label": "Preserve_Package" 
},{
	 "id": "514", 
	 "label": "Preserve_Package" 
},{
	 "id": "515", 
	 "label": "Preserve_Component" 
},{
	 "id": "516", 
	 "label": "Preserve_SwImplementation" 
},{
	 "id": "517", 
	 "label": "Preserve_Package" 
},{
	 "id": "518", 
	 "label": "Preserve_Package" 
},{
	 "id": "519", 
	 "label": "Preserve_SwImplementation" 
},{
	 "id": "520", 
	 "label": "Preserve_Component" 
},{
	 "id": "521", 
	 "label": "Preserve_Component" 
},{
	 "id": "522", 
	 "label": "Preserve_Package" 
},{
	 "id": "523", 
	 "label": "Preserve_SwImplementation" 
},{
	 "id": "524", 
	 "label": "Preserve_Package" 
},{
	 "id": "525", 
	 "label": "Preserve_Package" 
},{
	 "id": "526", 
	 "label": "Preserve_Package" 
},{
	 "id": "527", 
	 "label": "Preserve_Package" 
},{
	 "id": "528", 
	 "label": "Preserve_Package" 
},{
	 "id": "529", 
	 "label": "Preserve_Package" 
},{
	 "id": "530", 
	 "label": "Preserve_Package" 
},{
	 "id": "531", 
	 "label": "Preserve_Component" 
},{
	 "id": "532", 
	 "label": "Preserve_Package" 
},{
	 "id": "533", 
	 "label": "Preserve_SwImplementation" 
},{
	 "id": "534", 
	 "label": "Preserve_Component" 
},{
	 "id": "535", 
	 "label": "Preserve_Package" 
},{
	 "id": "536", 
	 "label": "Preserve_Package" 
},{
	 "id": "537", 
	 "label": "Preserve_Component" 
},{
	 "id": "538", 
	 "label": "Preserve_SwImplementation" 
},{
	 "id": "539", 
	 "label": "Preserve_Package" 
},{
	 "id": "540", 
	 "label": "Preserve_Package" 
},{
	 "id": "541", 
	 "label": "Preserve_Package" 
},{
	 "id": "542", 
	 "label": "Preserve_SwImplementation" 
},{
	 "id": "543", 
	 "label": "Preserve_Package" 
},{
	 "id": "544", 
	 "label": "Preserve_Package" 
},{
	 "id": "545", 
	 "label": "Preserve_Package" 
},{
	 "id": "546", 
	 "label": "Preserve_Component" 
},{
	 "id": "547", 
	 "label": "Preserve_Component" 
},{
	 "id": "548", 
	 "label": "Preserve_SwImplementation" 
},{
	 "id": "549", 
	 "label": "Preserve_SwImplementation" 
},{
	 "id": "550", 
	 "label": "Preserve_Package" 
},{
	 "id": "551", 
	 "label": "Preserve_Component" 
},{
	 "id": "552", 
	 "label": "Preserve_Component" 
},{
	 "id": "553", 
	 "label": "Preserve_SwImplementation" 
},{
	 "id": "554", 
	 "label": "Preserve_Component" 
},{
	 "id": "555", 
	 "label": "Preserve_Package" 
},{
	 "id": "556", 
	 "label": "Preserve_Package" 
},{
	 "id": "557", 
	 "label": "Preserve_Component" 
},{
	 "id": "558", 
	 "label": "Preserve_Package" 
},{
	 "id": "559", 
	 "label": "Preserve_Component" 
},{
	 "id": "560", 
	 "label": "Preserve_Package" 
},{
	 "id": "561", 
	 "label": "Preserve_SwImplementation" 
},{
	 "id": "562", 
	 "label": "Preserve_Package" 
},{
	 "id": "563", 
	 "label": "Preserve_Package" 
},{
	 "id": "564", 
	 "label": "Preserve_Package" 
},{
	 "id": "565", 
	 "label": "Preserve_Package" 
},{
	 "id": "566", 
	 "label": "Preserve_Package" 
},{
	 "id": "567", 
	 "label": "Preserve_Component" 
},{
	 "id": "568", 
	 "label": "Preserve_Package" 
},{
	 "id": "569", 
	 "label": "Preserve_Package" 
},{
	 "id": "570", 
	 "label": "Preserve_Component" 
},{
	 "id": "571", 
	 "label": "Preserve_Package" 
},{
	 "id": "572", 
	 "label": "Preserve_SwImplementation" 
},{
	 "id": "573", 
	 "label": "Preserve_Package" 
},{
	 "id": "574", 
	 "label": "Preserve_Component" 
},{
	 "id": "575", 
	 "label": "Preserve_Package" 
},{
	 "id": "576", 
	 "label": "Preserve_Component" 
},{
	 "id": "577", 
	 "label": "Preserve_Package" 
},{
	 "id": "578", 
	 "label": "Preserve_Package" 
},{
	 "id": "579", 
	 "label": "Preserve_SwImplementation" 
},{
	 "id": "580", 
	 "label": "Preserve_Package" 
},{
	 "id": "581", 
	 "label": "Preserve_Package" 
},{
	 "id": "582", 
	 "label": "Preserve_Package" 
},{
	 "id": "583", 
	 "label": "Preserve_Package" 
},{
	 "id": "584", 
	 "label": "Preserve_SwImplementation" 
},{
	 "id": "585", 
	 "label": "Preserve_Package" 
},{
	 "id": "586", 
	 "label": "Preserve_Package" 
},{
	 "id": "587", 
	 "label": "Preserve_SwImplementation" 
},{
	 "id": "588", 
	 "label": "Preserve_Package" 
},{
	 "id": "589", 
	 "label": "Preserve_Package" 
},{
	 "id": "590", 
	 "label": "Preserve_Package" 
},{
	 "id": "591", 
	 "label": "Preserve_Package" 
},{
	 "id": "592", 
	 "label": "Preserve_Component" 
},{
	 "id": "593", 
	 "label": "Preserve_Package" 
},{
	 "id": "594", 
	 "label": "Preserve_Component" 
},{
	 "id": "595", 
	 "label": "Preserve_Package" 
},{
	 "id": "596", 
	 "label": "Preserve_SwImplementation" 
},{
	 "id": "597", 
	 "label": "Preserve_Component" 
},{
	 "id": "598", 
	 "label": "Preserve_Package" 
},{
	 "id": "599", 
	 "label": "Preserve_Package" 
},{
	 "id": "600", 
	 "label": "Preserve_SwImplementation" 
},{
	 "id": "601", 
	 "label": "Preserve_Package" 
},{
	 "id": "602", 
	 "label": "Preserve_SwImplementation" 
},{
	 "id": "603", 
	 "label": "Preserve_Package" 
},{
	 "id": "604", 
	 "label": "Preserve_Package" 
},{
	 "id": "605", 
	 "label": "Preserve_Component" 
},{
	 "id": "606", 
	 "label": "Preserve_Component" 
},{
	 "id": "607", 
	 "label": "Preserve_SwImplementation" 
},{
	 "id": "608", 
	 "label": "Preserve_Package" 
},{
	 "id": "609", 
	 "label": "Preserve_Component" 
},{
	 "id": "610", 
	 "label": "Preserve_Package" 
},{
	 "id": "611", 
	 "label": "Preserve_Package" 
},{
	 "id": "612", 
	 "label": "Preserve_Package" 
},{
	 "id": "613", 
	 "label": "Preserve_Package" 
},{
	 "id": "614", 
	 "label": "Preserve_Package" 
},{
	 "id": "615", 
	 "label": "Preserve_Package" 
},{
	 "id": "616", 
	 "label": "Preserve_Package" 
},{
	 "id": "617", 
	 "label": "Preserve_SwImplementation" 
},{
	 "id": "618", 
	 "label": "Preserve_Component" 
},{
	 "id": "619", 
	 "label": "Preserve_Package" 
},{
	 "id": "620", 
	 "label": "Preserve_Component" 
},{
	 "id": "621", 
	 "label": "Preserve_Package" 
},{
	 "id": "622", 
	 "label": "Preserve_SwImplementation" 
},{
	 "id": "623", 
	 "label": "Preserve_Package" 
},{
	 "id": "624", 
	 "label": "Preserve_Component" 
},{
	 "id": "625", 
	 "label": "Preserve_Package" 
},{
	 "id": "626", 
	 "label": "Preserve_Package" 
},{
	 "id": "627", 
	 "label": "Preserve_Component" 
},{
	 "id": "628", 
	 "label": "Preserve_Package" 
},{
	 "id": "629", 
	 "label": "Preserve_Package" 
},{
	 "id": "630", 
	 "label": "Preserve_Package" 
},{
	 "id": "631", 
	 "label": "Preserve_Package" 
},{
	 "id": "632", 
	 "label": "Preserve_Package" 
},{
	 "id": "633", 
	 "label": "Preserve_Package" 
},{
	 "id": "634", 
	 "label": "Preserve_SwImplementation" 
},{
	 "id": "635", 
	 "label": "Preserve_Component" 
},{
	 "id": "636", 
	 "label": "Preserve_SwImplementation" 
},{
	 "id": "637", 
	 "label": "Preserve_Component" 
},{
	 "id": "638", 
	 "label": "Preserve_Component" 
},{
	 "id": "639", 
	 "label": "Preserve_Package" 
},{
	 "id": "640", 
	 "label": "Preserve_Package" 
},{
	 "id": "641", 
	 "label": "Preserve_Package" 
},{
	 "id": "642", 
	 "label": "Preserve_Package" 
},{
	 "id": "643", 
	 "label": "Preserve_Package" 
},{
	 "id": "644", 
	 "label": "Preserve_SwImplementation" 
},{
	 "id": "645", 
	 "label": "Preserve_Package" 
},{
	 "id": "646", 
	 "label": "Preserve_Package" 
},{
	 "id": "647", 
	 "label": "Preserve_Component" 
},{
	 "id": "648", 
	 "label": "Preserve_Package" 
},{
	 "id": "649", 
	 "label": "Preserve_Package" 
},{
	 "id": "650", 
	 "label": "Preserve_SwImplementation" 
},{
	 "id": "651", 
	 "label": "Preserve_SwImplementation" 
},{
	 "id": "652", 
	 "label": "Preserve_SwImplementation" 
},{
	 "id": "653", 
	 "label": "Preserve_Package" 
},{
	 "id": "654", 
	 "label": "Preserve_SwImplementation" 
},{
	 "id": "655", 
	 "label": "Preserve_Package" 
},{
	 "id": "656", 
	 "label": "Preserve_Package" 
},{
	 "id": "657", 
	 "label": "Preserve_Package" 
},{
	 "id": "658", 
	 "label": "Preserve_Package" 
},{
	 "id": "659", 
	 "label": "Preserve_SwImplementation" 
}], 
 "links": [{
	 "source": "1", 
	 "target": "2", 
	 "label": "Add_component" 
},{
	 "source": "2", 
	 "target": "3", 
	 "label": "Add_requirement" 
},{
	 "source": "5", 
	 "target": "6", 
	 "label": "Add_port" 
},{
	 "source": "5", 
	 "target": "7", 
	 "label": "Add_requirement" 
},{
	 "source": "5", 
	 "target": "8", 
	 "label": "Add_swimplementation" 
},{
	 "source": "10", 
	 "target": "11", 
	 "label": "Add_requirement" 
},{
	 "source": "10", 
	 "target": "12", 
	 "label": "Add_src" 
},{
	 "source": "10", 
	 "target": "13", 
	 "label": "Add_tgt" 
},{
	 "source": "14", 
	 "target": "15", 
	 "label": "Add_requirement" 
},{
	 "source": "14", 
	 "target": "16", 
	 "label": "Add_src" 
},{
	 "source": "14", 
	 "target": "17", 
	 "label": "Add_tgt" 
},{
	 "source": "8", 
	 "target": "5", 
	 "label": "Add_component" 
},{
	 "source": "19", 
	 "target": "20", 
	 "label": "Add_component" 
},{
	 "source": "21", 
	 "target": "22", 
	 "label": "Add_requirement" 
},{
	 "source": "21", 
	 "target": "23", 
	 "label": "Add_src" 
},{
	 "source": "21", 
	 "target": "24", 
	 "label": "Add_tgt" 
},{
	 "source": "28", 
	 "target": "29", 
	 "label": "Add_requirement" 
},{
	 "source": "28", 
	 "target": "30", 
	 "label": "Add_swimplementation" 
},{
	 "source": "30", 
	 "target": "28", 
	 "label": "Add_component" 
},{
	 "source": "32", 
	 "target": "33", 
	 "label": "Add_component" 
},{
	 "source": "35", 
	 "target": "36", 
	 "label": "Add_requirement" 
},{
	 "source": "35", 
	 "target": "37", 
	 "label": "Add_src" 
},{
	 "source": "35", 
	 "target": "38", 
	 "label": "Add_tgt" 
},{
	 "source": "39", 
	 "target": "40", 
	 "label": "Add_component" 
},{
	 "source": "41", 
	 "target": "42", 
	 "label": "Add_component" 
},{
	 "source": "43", 
	 "target": "44", 
	 "label": "Add_component" 
},{
	 "source": "43", 
	 "target": "45", 
	 "label": "Add_package" 
},{
	 "source": "44", 
	 "target": "46", 
	 "label": "Add_port" 
},{
	 "source": "44", 
	 "target": "47", 
	 "label": "Add_port" 
},{
	 "source": "44", 
	 "target": "48", 
	 "label": "Add_requirement" 
},{
	 "source": "51", 
	 "target": "52", 
	 "label": "Add_component" 
},{
	 "source": "53", 
	 "target": "54", 
	 "label": "Add_port" 
},{
	 "source": "53", 
	 "target": "55", 
	 "label": "Add_requirement" 
},{
	 "source": "53", 
	 "target": "56", 
	 "label": "Add_swimplementation" 
},{
	 "source": "56", 
	 "target": "53", 
	 "label": "Add_component" 
},{
	 "source": "58", 
	 "target": "59", 
	 "label": "Add_component" 
},{
	 "source": "60", 
	 "target": "61", 
	 "label": "Add_port" 
},{
	 "source": "60", 
	 "target": "62", 
	 "label": "Add_requirement" 
},{
	 "source": "60", 
	 "target": "63", 
	 "label": "Add_swimplementation" 
},{
	 "source": "63", 
	 "target": "60", 
	 "label": "Add_component" 
},{
	 "source": "66", 
	 "target": "67", 
	 "label": "Add_component" 
},{
	 "source": "67", 
	 "target": "68", 
	 "label": "Add_requirement" 
},{
	 "source": "76", 
	 "target": "77", 
	 "label": "Add_port" 
},{
	 "source": "76", 
	 "target": "78", 
	 "label": "Add_requirement" 
},{
	 "source": "76", 
	 "target": "79", 
	 "label": "Add_swimplementation" 
},{
	 "source": "79", 
	 "target": "76", 
	 "label": "Add_component" 
},{
	 "source": "82", 
	 "target": "83", 
	 "label": "Add_component" 
},{
	 "source": "83", 
	 "target": "84", 
	 "label": "Add_requirement" 
},{
	 "source": "85", 
	 "target": "86", 
	 "label": "Add_component" 
},{
	 "source": "87", 
	 "target": "88", 
	 "label": "Add_component" 
},{
	 "source": "88", 
	 "target": "89", 
	 "label": "Add_requirement" 
},{
	 "source": "90", 
	 "target": "91", 
	 "label": "Add_component" 
},{
	 "source": "91", 
	 "target": "92", 
	 "label": "Add_requirement" 
},{
	 "source": "94", 
	 "target": "95", 
	 "label": "Add_component" 
},{
	 "source": "100", 
	 "target": "101", 
	 "label": "Add_requirement" 
},{
	 "source": "100", 
	 "target": "102", 
	 "label": "Add_src" 
},{
	 "source": "100", 
	 "target": "25", 
	 "label": "Add_tgt" 
},{
	 "source": "103", 
	 "target": "104", 
	 "label": "Add_component" 
},{
	 "source": "104", 
	 "target": "105", 
	 "label": "Add_requirement" 
},{
	 "source": "108", 
	 "target": "109", 
	 "label": "Add_port" 
},{
	 "source": "108", 
	 "target": "110", 
	 "label": "Add_requirement" 
},{
	 "source": "108", 
	 "target": "111", 
	 "label": "Add_swimplementation" 
},{
	 "source": "112", 
	 "target": "113", 
	 "label": "Add_port" 
},{
	 "source": "112", 
	 "target": "114", 
	 "label": "Add_requirement" 
},{
	 "source": "112", 
	 "target": "115", 
	 "label": "Add_swimplementation" 
},{
	 "source": "115", 
	 "target": "112", 
	 "label": "Add_component" 
},{
	 "source": "111", 
	 "target": "108", 
	 "label": "Add_component" 
},{
	 "source": "119", 
	 "target": "120", 
	 "label": "Add_component" 
},{
	 "source": "121", 
	 "target": "122", 
	 "label": "Add_port" 
},{
	 "source": "121", 
	 "target": "123", 
	 "label": "Add_requirement" 
},{
	 "source": "121", 
	 "target": "124", 
	 "label": "Add_swimplementation" 
},{
	 "source": "126", 
	 "target": "127", 
	 "label": "Add_component" 
},{
	 "source": "127", 
	 "target": "128", 
	 "label": "Add_requirement" 
},{
	 "source": "130", 
	 "target": "131", 
	 "label": "Add_requirement" 
},{
	 "source": "130", 
	 "target": "132", 
	 "label": "Add_src" 
},{
	 "source": "130", 
	 "target": "133", 
	 "label": "Add_tgt" 
},{
	 "source": "135", 
	 "target": "136", 
	 "label": "Add_component" 
},{
	 "source": "124", 
	 "target": "121", 
	 "label": "Add_component" 
},{
	 "source": "137", 
	 "target": "138", 
	 "label": "Add_component" 
},{
	 "source": "138", 
	 "target": "139", 
	 "label": "Add_requirement" 
},{
	 "source": "140", 
	 "target": "141", 
	 "label": "Add_component" 
},{
	 "source": "141", 
	 "target": "142", 
	 "label": "Add_requirement" 
},{
	 "source": "143", 
	 "target": "144", 
	 "label": "Add_requirement" 
},{
	 "source": "143", 
	 "target": "145", 
	 "label": "Add_src" 
},{
	 "source": "143", 
	 "target": "146", 
	 "label": "Add_tgt" 
},{
	 "source": "148", 
	 "target": "149", 
	 "label": "Add_component" 
},{
	 "source": "149", 
	 "target": "150", 
	 "label": "Add_requirement" 
},{
	 "source": "152", 
	 "target": "153", 
	 "label": "Add_component" 
},{
	 "source": "155", 
	 "target": "156", 
	 "label": "Add_port" 
},{
	 "source": "155", 
	 "target": "157", 
	 "label": "Add_requirement" 
},{
	 "source": "155", 
	 "target": "158", 
	 "label": "Add_swimplementation" 
},{
	 "source": "158", 
	 "target": "155", 
	 "label": "Add_component" 
},{
	 "source": "161", 
	 "target": "162", 
	 "label": "Add_port" 
},{
	 "source": "161", 
	 "target": "163", 
	 "label": "Add_requirement" 
},{
	 "source": "161", 
	 "target": "164", 
	 "label": "Add_swimplementation" 
},{
	 "source": "164", 
	 "target": "161", 
	 "label": "Add_component" 
},{
	 "source": "167", 
	 "target": "168", 
	 "label": "Add_port" 
},{
	 "source": "167", 
	 "target": "169", 
	 "label": "Add_requirement" 
},{
	 "source": "167", 
	 "target": "170", 
	 "label": "Add_swimplementation" 
},{
	 "source": "170", 
	 "target": "167", 
	 "label": "Add_component" 
},{
	 "source": "176", 
	 "target": "177", 
	 "label": "Add_requirement" 
},{
	 "source": "176", 
	 "target": "178", 
	 "label": "Add_src" 
},{
	 "source": "176", 
	 "target": "97", 
	 "label": "Add_tgt" 
},{
	 "source": "180", 
	 "target": "181", 
	 "label": "Add_requirement" 
},{
	 "source": "180", 
	 "target": "75", 
	 "label": "Add_src" 
},{
	 "source": "180", 
	 "target": "72", 
	 "label": "Add_tgt" 
},{
	 "source": "182", 
	 "target": "183", 
	 "label": "Add_component" 
},{
	 "source": "183", 
	 "target": "184", 
	 "label": "Add_requirement" 
},{
	 "source": "186", 
	 "target": "187", 
	 "label": "Add_component" 
},{
	 "source": "188", 
	 "target": "189", 
	 "label": "Add_port" 
},{
	 "source": "188", 
	 "target": "190", 
	 "label": "Add_requirement" 
},{
	 "source": "188", 
	 "target": "191", 
	 "label": "Add_swimplementation" 
},{
	 "source": "191", 
	 "target": "188", 
	 "label": "Add_component" 
},{
	 "source": "193", 
	 "target": "194", 
	 "label": "Add_component" 
},{
	 "source": "196", 
	 "target": "197", 
	 "label": "Add_component" 
},{
	 "source": "200", 
	 "target": "201", 
	 "label": "Add_package" 
},{
	 "source": "200", 
	 "target": "202", 
	 "label": "Add_requirement" 
},{
	 "source": "201", 
	 "target": "203", 
	 "label": "Add_component" 
},{
	 "source": "201", 
	 "target": "204", 
	 "label": "Add_component" 
},{
	 "source": "201", 
	 "target": "205", 
	 "label": "Add_package" 
},{
	 "source": "201", 
	 "target": "206", 
	 "label": "Add_requirement" 
},{
	 "source": "201", 
	 "target": "207", 
	 "label": "Add_swimplementation" 
},{
	 "source": "201", 
	 "target": "208", 
	 "label": "Add_swimplementation" 
},{
	 "source": "204", 
	 "target": "209", 
	 "label": "Add_port" 
},{
	 "source": "204", 
	 "target": "202", 
	 "label": "Add_requirement" 
},{
	 "source": "204", 
	 "target": "208", 
	 "label": "Add_swimplementation" 
},{
	 "source": "203", 
	 "target": "206", 
	 "label": "Add_requirement" 
},{
	 "source": "203", 
	 "target": "207", 
	 "label": "Add_swimplementation" 
},{
	 "source": "207", 
	 "target": "203", 
	 "label": "Add_component" 
},{
	 "source": "208", 
	 "target": "204", 
	 "label": "Add_component" 
},{
	 "source": "210", 
	 "target": "211", 
	 "label": "Add_component" 
},{
	 "source": "212", 
	 "target": "213", 
	 "label": "Add_requirement" 
},{
	 "source": "212", 
	 "target": "198", 
	 "label": "Add_src" 
},{
	 "source": "212", 
	 "target": "214", 
	 "label": "Add_tgt" 
},{
	 "source": "216", 
	 "target": "217", 
	 "label": "Add_component" 
},{
	 "source": "217", 
	 "target": "218", 
	 "label": "Add_requirement" 
},{
	 "source": "220", 
	 "target": "221", 
	 "label": "Add_component" 
},{
	 "source": "224", 
	 "target": "225", 
	 "label": "Add_requirement" 
},{
	 "source": "224", 
	 "target": "226", 
	 "label": "Add_src" 
},{
	 "source": "224", 
	 "target": "175", 
	 "label": "Add_tgt" 
},{
	 "source": "227", 
	 "target": "228", 
	 "label": "Add_component" 
},{
	 "source": "228", 
	 "target": "229", 
	 "label": "Add_requirement" 
},{
	 "source": "230", 
	 "target": "231", 
	 "label": "Add_requirement" 
},{
	 "source": "230", 
	 "target": "47", 
	 "label": "Add_src" 
},{
	 "source": "230", 
	 "target": "50", 
	 "label": "Add_tgt" 
},{
	 "source": "236", 
	 "target": "237", 
	 "label": "Add_port" 
},{
	 "source": "236", 
	 "target": "238", 
	 "label": "Add_requirement" 
},{
	 "source": "236", 
	 "target": "239", 
	 "label": "Add_swimplementation" 
},{
	 "source": "241", 
	 "target": "242", 
	 "label": "Add_requirement" 
},{
	 "source": "241", 
	 "target": "243", 
	 "label": "Add_src" 
},{
	 "source": "241", 
	 "target": "0", 
	 "label": "Add_tgt" 
},{
	 "source": "239", 
	 "target": "236", 
	 "label": "Add_component" 
},{
	 "source": "247", 
	 "target": "248", 
	 "label": "Add_component" 
},{
	 "source": "249", 
	 "target": "250", 
	 "label": "Add_requirement" 
},{
	 "source": "249", 
	 "target": "232", 
	 "label": "Add_src" 
},{
	 "source": "249", 
	 "target": "251", 
	 "label": "Add_tgt" 
},{
	 "source": "252", 
	 "target": "253", 
	 "label": "Add_port" 
},{
	 "source": "252", 
	 "target": "254", 
	 "label": "Add_requirement" 
},{
	 "source": "252", 
	 "target": "255", 
	 "label": "Add_swimplementation" 
},{
	 "source": "255", 
	 "target": "252", 
	 "label": "Add_component" 
},{
	 "source": "258", 
	 "target": "259", 
	 "label": "Add_port" 
},{
	 "source": "258", 
	 "target": "260", 
	 "label": "Add_requirement" 
},{
	 "source": "258", 
	 "target": "261", 
	 "label": "Add_swimplementation" 
},{
	 "source": "261", 
	 "target": "258", 
	 "label": "Add_component" 
},{
	 "source": "264", 
	 "target": "265", 
	 "label": "Add_component" 
},{
	 "source": "265", 
	 "target": "266", 
	 "label": "Add_requirement" 
},{
	 "source": "270", 
	 "target": "271", 
	 "label": "Add_component" 
},{
	 "source": "272", 
	 "target": "273", 
	 "label": "Add_requirement" 
},{
	 "source": "272", 
	 "target": "274", 
	 "label": "Add_src" 
},{
	 "source": "272", 
	 "target": "275", 
	 "label": "Add_tgt" 
},{
	 "source": "277", 
	 "target": "278", 
	 "label": "Add_component" 
},{
	 "source": "280", 
	 "target": "281", 
	 "label": "Add_component" 
},{
	 "source": "286", 
	 "target": "287", 
	 "label": "Add_port" 
},{
	 "source": "286", 
	 "target": "288", 
	 "label": "Add_requirement" 
},{
	 "source": "286", 
	 "target": "289", 
	 "label": "Add_swimplementation" 
},{
	 "source": "289", 
	 "target": "286", 
	 "label": "Add_component" 
},{
	 "source": "294", 
	 "target": "295", 
	 "label": "Add_requirement" 
},{
	 "source": "294", 
	 "target": "296", 
	 "label": "Add_src" 
},{
	 "source": "294", 
	 "target": "297", 
	 "label": "Add_tgt" 
},{
	 "source": "299", 
	 "target": "300", 
	 "label": "Add_port" 
},{
	 "source": "299", 
	 "target": "301", 
	 "label": "Add_requirement" 
},{
	 "source": "299", 
	 "target": "302", 
	 "label": "Add_swimplementation" 
},{
	 "source": "303", 
	 "target": "304", 
	 "label": "Add_requirement" 
},{
	 "source": "303", 
	 "target": "305", 
	 "label": "Add_swimplementation" 
},{
	 "source": "302", 
	 "target": "299", 
	 "label": "Add_component" 
},{
	 "source": "305", 
	 "target": "303", 
	 "label": "Add_component" 
},{
	 "source": "309", 
	 "target": "310", 
	 "label": "Add_component" 
},{
	 "source": "315", 
	 "target": "316", 
	 "label": "Add_requirement" 
},{
	 "source": "315", 
	 "target": "317", 
	 "label": "Add_src" 
},{
	 "source": "315", 
	 "target": "4", 
	 "label": "Add_tgt" 
},{
	 "source": "319", 
	 "target": "320", 
	 "label": "Add_port" 
},{
	 "source": "319", 
	 "target": "321", 
	 "label": "Add_requirement" 
},{
	 "source": "319", 
	 "target": "322", 
	 "label": "Add_swimplementation" 
},{
	 "source": "322", 
	 "target": "319", 
	 "label": "Add_component" 
},{
	 "source": "325", 
	 "target": "326", 
	 "label": "Add_component" 
},{
	 "source": "329", 
	 "target": "330", 
	 "label": "Add_port" 
},{
	 "source": "329", 
	 "target": "331", 
	 "label": "Add_requirement" 
},{
	 "source": "329", 
	 "target": "332", 
	 "label": "Add_swimplementation" 
},{
	 "source": "332", 
	 "target": "329", 
	 "label": "Add_component" 
},{
	 "source": "336", 
	 "target": "337", 
	 "label": "Add_requirement" 
},{
	 "source": "336", 
	 "target": "338", 
	 "label": "Add_swimplementation" 
},{
	 "source": "339", 
	 "target": "340", 
	 "label": "Add_port" 
},{
	 "source": "339", 
	 "target": "341", 
	 "label": "Add_requirement" 
},{
	 "source": "339", 
	 "target": "342", 
	 "label": "Add_swimplementation" 
},{
	 "source": "342", 
	 "target": "339", 
	 "label": "Add_component" 
},{
	 "source": "344", 
	 "target": "345", 
	 "label": "Add_component" 
},{
	 "source": "338", 
	 "target": "336", 
	 "label": "Add_component" 
},{
	 "source": "348", 
	 "target": "349", 
	 "label": "Add_requirement" 
},{
	 "source": "348", 
	 "target": "350", 
	 "label": "Add_src" 
},{
	 "source": "348", 
	 "target": "235", 
	 "label": "Add_tgt" 
},{
	 "source": "354", 
	 "target": "355", 
	 "label": "Add_port" 
},{
	 "source": "354", 
	 "target": "356", 
	 "label": "Add_port" 
},{
	 "source": "354", 
	 "target": "357", 
	 "label": "Add_requirement" 
},{
	 "source": "354", 
	 "target": "358", 
	 "label": "Add_swimplementation" 
},{
	 "source": "361", 
	 "target": "362", 
	 "label": "Add_component" 
},{
	 "source": "363", 
	 "target": "364", 
	 "label": "Add_port" 
},{
	 "source": "363", 
	 "target": "365", 
	 "label": "Add_requirement" 
},{
	 "source": "363", 
	 "target": "366", 
	 "label": "Add_swimplementation" 
},{
	 "source": "370", 
	 "target": "371", 
	 "label": "Add_component" 
},{
	 "source": "371", 
	 "target": "372", 
	 "label": "Add_requirement" 
},{
	 "source": "374", 
	 "target": "375", 
	 "label": "Add_component" 
},{
	 "source": "376", 
	 "target": "377", 
	 "label": "Add_requirement" 
},{
	 "source": "376", 
	 "target": "378", 
	 "label": "Add_src" 
},{
	 "source": "376", 
	 "target": "71", 
	 "label": "Add_tgt" 
},{
	 "source": "379", 
	 "target": "380", 
	 "label": "Add_component" 
},{
	 "source": "382", 
	 "target": "383", 
	 "label": "Add_connector" 
},{
	 "source": "382", 
	 "target": "384", 
	 "label": "Add_requirement" 
},{
	 "source": "383", 
	 "target": "384", 
	 "label": "Add_requirement" 
},{
	 "source": "383", 
	 "target": "385", 
	 "label": "Add_src" 
},{
	 "source": "383", 
	 "target": "107", 
	 "label": "Add_tgt" 
},{
	 "source": "386", 
	 "target": "387", 
	 "label": "Add_component" 
},{
	 "source": "366", 
	 "target": "363", 
	 "label": "Add_component" 
},{
	 "source": "389", 
	 "target": "390", 
	 "label": "Add_component" 
},{
	 "source": "391", 
	 "target": "392", 
	 "label": "Add_port" 
},{
	 "source": "391", 
	 "target": "393", 
	 "label": "Add_requirement" 
},{
	 "source": "391", 
	 "target": "394", 
	 "label": "Add_swimplementation" 
},{
	 "source": "398", 
	 "target": "399", 
	 "label": "Add_component" 
},{
	 "source": "399", 
	 "target": "400", 
	 "label": "Add_requirement" 
},{
	 "source": "403", 
	 "target": "404", 
	 "label": "Add_component" 
},{
	 "source": "394", 
	 "target": "391", 
	 "label": "Add_component" 
},{
	 "source": "406", 
	 "target": "407", 
	 "label": "Add_component" 
},{
	 "source": "410", 
	 "target": "411", 
	 "label": "Add_requirement" 
},{
	 "source": "410", 
	 "target": "412", 
	 "label": "Add_swimplementation" 
},{
	 "source": "413", 
	 "target": "414", 
	 "label": "Add_component" 
},{
	 "source": "414", 
	 "target": "415", 
	 "label": "Add_requirement" 
},{
	 "source": "416", 
	 "target": "417", 
	 "label": "Add_connector" 
},{
	 "source": "416", 
	 "target": "418", 
	 "label": "Add_requirement" 
},{
	 "source": "417", 
	 "target": "418", 
	 "label": "Add_requirement" 
},{
	 "source": "417", 
	 "target": "69", 
	 "label": "Add_src" 
},{
	 "source": "417", 
	 "target": "373", 
	 "label": "Add_tgt" 
},{
	 "source": "412", 
	 "target": "410", 
	 "label": "Add_component" 
},{
	 "source": "422", 
	 "target": "423", 
	 "label": "Add_component" 
},{
	 "source": "424", 
	 "target": "425", 
	 "label": "Add_requirement" 
},{
	 "source": "424", 
	 "target": "283", 
	 "label": "Add_src" 
},{
	 "source": "424", 
	 "target": "426", 
	 "label": "Add_tgt" 
},{
	 "source": "427", 
	 "target": "428", 
	 "label": "Add_component" 
},{
	 "source": "429", 
	 "target": "430", 
	 "label": "Add_port" 
},{
	 "source": "429", 
	 "target": "431", 
	 "label": "Add_requirement" 
},{
	 "source": "429", 
	 "target": "432", 
	 "label": "Add_swimplementation" 
},{
	 "source": "433", 
	 "target": "434", 
	 "label": "Add_port" 
},{
	 "source": "433", 
	 "target": "435", 
	 "label": "Add_requirement" 
},{
	 "source": "433", 
	 "target": "436", 
	 "label": "Add_swimplementation" 
},{
	 "source": "436", 
	 "target": "433", 
	 "label": "Add_component" 
},{
	 "source": "432", 
	 "target": "429", 
	 "label": "Add_component" 
},{
	 "source": "358", 
	 "target": "354", 
	 "label": "Add_component" 
},{
	 "source": "445", 
	 "target": "446", 
	 "label": "Add_component" 
},{
	 "source": "447", 
	 "target": "448", 
	 "label": "Add_component" 
},{
	 "source": "449", 
	 "target": "450", 
	 "label": "Add_component" 
},{
	 "source": "450", 
	 "target": "451", 
	 "label": "Add_requirement" 
},{
	 "source": "452", 
	 "target": "453", 
	 "label": "Add_requirement" 
},{
	 "source": "452", 
	 "target": "125", 
	 "label": "Add_src" 
},{
	 "source": "452", 
	 "target": "355", 
	 "label": "Add_tgt" 
},{
	 "source": "454", 
	 "target": "455", 
	 "label": "Add_component" 
},{
	 "source": "458", 
	 "target": "459", 
	 "label": "Add_component" 
},{
	 "source": "458", 
	 "target": "460", 
	 "label": "Add_package" 
},{
	 "source": "458", 
	 "target": "461", 
	 "label": "Add_requirement" 
},{
	 "source": "458", 
	 "target": "462", 
	 "label": "Add_swimplementation" 
},{
	 "source": "458", 
	 "target": "463", 
	 "label": "Add_swimplementation" 
},{
	 "source": "459", 
	 "target": "464", 
	 "label": "Add_port" 
},{
	 "source": "459", 
	 "target": "461", 
	 "label": "Add_requirement" 
},{
	 "source": "459", 
	 "target": "463", 
	 "label": "Add_swimplementation" 
},{
	 "source": "460", 
	 "target": "465", 
	 "label": "Add_connector" 
},{
	 "source": "460", 
	 "target": "466", 
	 "label": "Add_requirement" 
},{
	 "source": "465", 
	 "target": "466", 
	 "label": "Add_requirement" 
},{
	 "source": "465", 
	 "target": "282", 
	 "label": "Add_src" 
},{
	 "source": "465", 
	 "target": "367", 
	 "label": "Add_tgt" 
},{
	 "source": "463", 
	 "target": "459", 
	 "label": "Add_component" 
},{
	 "source": "467", 
	 "target": "468", 
	 "label": "Add_component" 
},{
	 "source": "467", 
	 "target": "469", 
	 "label": "Add_component" 
},{
	 "source": "467", 
	 "target": "470", 
	 "label": "Add_package" 
},{
	 "source": "467", 
	 "target": "471", 
	 "label": "Add_requirement" 
},{
	 "source": "467", 
	 "target": "472", 
	 "label": "Add_swimplementation" 
},{
	 "source": "467", 
	 "target": "473", 
	 "label": "Add_swimplementation" 
},{
	 "source": "468", 
	 "target": "474", 
	 "label": "Add_port" 
},{
	 "source": "468", 
	 "target": "475", 
	 "label": "Add_requirement" 
},{
	 "source": "468", 
	 "target": "472", 
	 "label": "Add_swimplementation" 
},{
	 "source": "469", 
	 "target": "471", 
	 "label": "Add_requirement" 
},{
	 "source": "469", 
	 "target": "473", 
	 "label": "Add_swimplementation" 
},{
	 "source": "473", 
	 "target": "469", 
	 "label": "Add_component" 
},{
	 "source": "472", 
	 "target": "468", 
	 "label": "Add_component" 
},{
	 "source": "476", 
	 "target": "477", 
	 "label": "Add_connector" 
},{
	 "source": "476", 
	 "target": "478", 
	 "label": "Add_requirement" 
},{
	 "source": "477", 
	 "target": "478", 
	 "label": "Add_requirement" 
},{
	 "source": "477", 
	 "target": "351", 
	 "label": "Add_src" 
},{
	 "source": "477", 
	 "target": "318", 
	 "label": "Add_tgt" 
},{
	 "source": "480", 
	 "target": "481", 
	 "label": "Add_component" 
},{
	 "source": "484", 
	 "target": "485", 
	 "label": "Add_requirement" 
},{
	 "source": "484", 
	 "target": "279", 
	 "label": "Add_src" 
},{
	 "source": "484", 
	 "target": "311", 
	 "label": "Add_tgt" 
},{
	 "source": "486", 
	 "target": "487", 
	 "label": "Add_component" 
},{
	 "source": "489", 
	 "target": "490", 
	 "label": "Add_component" 
},{
	 "source": "490", 
	 "target": "274", 
	 "label": "Add_port" 
},{
	 "source": "490", 
	 "target": "491", 
	 "label": "Add_requirement" 
},{
	 "source": "493", 
	 "target": "494", 
	 "label": "Add_component" 
},{
	 "source": "496", 
	 "target": "497", 
	 "label": "Add_component" 
},{
	 "source": "497", 
	 "target": "498", 
	 "label": "Add_requirement" 
},{
	 "source": "500", 
	 "target": "501", 
	 "label": "Add_requirement" 
},{
	 "source": "500", 
	 "target": "267", 
	 "label": "Add_src" 
},{
	 "source": "500", 
	 "target": "397", 
	 "label": "Add_tgt" 
},{
	 "source": "502", 
	 "target": "503", 
	 "label": "Add_component" 
},{
	 "source": "506", 
	 "target": "507", 
	 "label": "Add_component" 
},{
	 "source": "508", 
	 "target": "506", 
	 "label": "Add_swimplementation" 
},{
	 "source": "509", 
	 "target": "505", 
	 "label": "Add_package" 
},{
	 "source": "510", 
	 "target": "350", 
	 "label": "Add_port" 
},{
	 "source": "510", 
	 "target": "504", 
	 "label": "Add_port" 
},{
	 "source": "510", 
	 "target": "296", 
	 "label": "Add_port" 
},{
	 "source": "511", 
	 "target": "489", 
	 "label": "Add_package" 
},{
	 "source": "511", 
	 "target": "492", 
	 "label": "Add_package" 
},{
	 "source": "511", 
	 "target": "491", 
	 "label": "Add_requirement" 
},{
	 "source": "511", 
	 "target": "493", 
	 "label": "Add_swimplementation" 
},{
	 "source": "494", 
	 "target": "488", 
	 "label": "Add_port" 
},{
	 "source": "494", 
	 "target": "512", 
	 "label": "Remove_swimplementation" 
},{
	 "source": "494", 
	 "target": "493", 
	 "label": "Add_swimplementation" 
},{
	 "source": "512", 
	 "target": "494", 
	 "label": "Remove_component" 
},{
	 "source": "513", 
	 "target": "499", 
	 "label": "Add_package" 
},{
	 "source": "513", 
	 "target": "496", 
	 "label": "Add_package" 
},{
	 "source": "513", 
	 "target": "500", 
	 "label": "Add_connector" 
},{
	 "source": "513", 
	 "target": "498", 
	 "label": "Add_requirement" 
},{
	 "source": "513", 
	 "target": "501", 
	 "label": "Add_requirement" 
},{
	 "source": "513", 
	 "target": "502", 
	 "label": "Add_swimplementation" 
},{
	 "source": "503", 
	 "target": "495", 
	 "label": "Add_port" 
},{
	 "source": "503", 
	 "target": "502", 
	 "label": "Add_swimplementation" 
},{
	 "source": "514", 
	 "target": "467", 
	 "label": "Add_package" 
},{
	 "source": "514", 
	 "target": "458", 
	 "label": "Add_package" 
},{
	 "source": "514", 
	 "target": "476", 
	 "label": "Add_package" 
},{
	 "source": "514", 
	 "target": "475", 
	 "label": "Add_requirement" 
},{
	 "source": "514", 
	 "target": "480", 
	 "label": "Add_swimplementation" 
},{
	 "source": "514", 
	 "target": "479", 
	 "label": "Add_swimplementation" 
},{
	 "source": "515", 
	 "target": "457", 
	 "label": "Add_port" 
},{
	 "source": "481", 
	 "target": "378", 
	 "label": "Add_port" 
},{
	 "source": "481", 
	 "target": "456", 
	 "label": "Add_port" 
},{
	 "source": "481", 
	 "target": "516", 
	 "label": "Remove_swimplementation" 
},{
	 "source": "481", 
	 "target": "480", 
	 "label": "Add_swimplementation" 
},{
	 "source": "516", 
	 "target": "481", 
	 "label": "Remove_component" 
},{
	 "source": "517", 
	 "target": "483", 
	 "label": "Add_package" 
},{
	 "source": "517", 
	 "target": "484", 
	 "label": "Add_connector" 
},{
	 "source": "517", 
	 "target": "485", 
	 "label": "Add_requirement" 
},{
	 "source": "517", 
	 "target": "486", 
	 "label": "Add_swimplementation" 
},{
	 "source": "487", 
	 "target": "12", 
	 "label": "Add_port" 
},{
	 "source": "487", 
	 "target": "482", 
	 "label": "Add_port" 
},{
	 "source": "487", 
	 "target": "486", 
	 "label": "Add_swimplementation" 
},{
	 "source": "518", 
	 "target": "452", 
	 "label": "Add_connector" 
},{
	 "source": "518", 
	 "target": "453", 
	 "label": "Add_requirement" 
},{
	 "source": "518", 
	 "target": "454", 
	 "label": "Add_swimplementation" 
},{
	 "source": "455", 
	 "target": "519", 
	 "label": "Remove_swimplementation" 
},{
	 "source": "455", 
	 "target": "454", 
	 "label": "Add_swimplementation" 
},{
	 "source": "519", 
	 "target": "455", 
	 "label": "Remove_component" 
},{
	 "source": "520", 
	 "target": "426", 
	 "label": "Add_port" 
},{
	 "source": "521", 
	 "target": "317", 
	 "label": "Add_port" 
},{
	 "source": "522", 
	 "target": "447", 
	 "label": "Add_swimplementation" 
},{
	 "source": "448", 
	 "target": "17", 
	 "label": "Add_port" 
},{
	 "source": "448", 
	 "target": "523", 
	 "label": "Remove_swimplementation" 
},{
	 "source": "448", 
	 "target": "447", 
	 "label": "Add_swimplementation" 
},{
	 "source": "523", 
	 "target": "448", 
	 "label": "Remove_component" 
},{
	 "source": "524", 
	 "target": "449", 
	 "label": "Add_package" 
},{
	 "source": "524", 
	 "target": "451", 
	 "label": "Add_requirement" 
},{
	 "source": "525", 
	 "target": "354", 
	 "label": "Add_component" 
},{
	 "source": "525", 
	 "target": "441", 
	 "label": "Add_package" 
},{
	 "source": "525", 
	 "target": "442", 
	 "label": "Add_package" 
},{
	 "source": "525", 
	 "target": "443", 
	 "label": "Add_package" 
},{
	 "source": "525", 
	 "target": "357", 
	 "label": "Add_requirement" 
},{
	 "source": "525", 
	 "target": "444", 
	 "label": "Add_swimplementation" 
},{
	 "source": "525", 
	 "target": "445", 
	 "label": "Add_swimplementation" 
},{
	 "source": "525", 
	 "target": "358", 
	 "label": "Add_swimplementation" 
},{
	 "source": "526", 
	 "target": "429", 
	 "label": "Add_component" 
},{
	 "source": "526", 
	 "target": "439", 
	 "label": "Add_package" 
},{
	 "source": "526", 
	 "target": "431", 
	 "label": "Add_requirement" 
},{
	 "source": "526", 
	 "target": "432", 
	 "label": "Add_swimplementation" 
},{
	 "source": "526", 
	 "target": "440", 
	 "label": "Add_swimplementation" 
},{
	 "source": "527", 
	 "target": "433", 
	 "label": "Add_component" 
},{
	 "source": "527", 
	 "target": "437", 
	 "label": "Add_package" 
},{
	 "source": "527", 
	 "target": "435", 
	 "label": "Add_requirement" 
},{
	 "source": "527", 
	 "target": "438", 
	 "label": "Add_swimplementation" 
},{
	 "source": "527", 
	 "target": "436", 
	 "label": "Add_swimplementation" 
},{
	 "source": "528", 
	 "target": "424", 
	 "label": "Add_connector" 
},{
	 "source": "528", 
	 "target": "425", 
	 "label": "Add_requirement" 
},{
	 "source": "528", 
	 "target": "427", 
	 "label": "Add_swimplementation" 
},{
	 "source": "428", 
	 "target": "427", 
	 "label": "Add_swimplementation" 
},{
	 "source": "529", 
	 "target": "410", 
	 "label": "Add_component" 
},{
	 "source": "529", 
	 "target": "416", 
	 "label": "Add_package" 
},{
	 "source": "529", 
	 "target": "419", 
	 "label": "Add_package" 
},{
	 "source": "529", 
	 "target": "413", 
	 "label": "Add_package" 
},{
	 "source": "529", 
	 "target": "411", 
	 "label": "Add_requirement" 
},{
	 "source": "529", 
	 "target": "415", 
	 "label": "Add_requirement" 
},{
	 "source": "529", 
	 "target": "422", 
	 "label": "Add_swimplementation" 
},{
	 "source": "529", 
	 "target": "421", 
	 "label": "Add_swimplementation" 
},{
	 "source": "529", 
	 "target": "420", 
	 "label": "Add_swimplementation" 
},{
	 "source": "529", 
	 "target": "412", 
	 "label": "Add_swimplementation" 
},{
	 "source": "423", 
	 "target": "408", 
	 "label": "Add_port" 
},{
	 "source": "423", 
	 "target": "409", 
	 "label": "Add_port" 
},{
	 "source": "423", 
	 "target": "297", 
	 "label": "Add_port" 
},{
	 "source": "423", 
	 "target": "422", 
	 "label": "Add_swimplementation" 
},{
	 "source": "530", 
	 "target": "391", 
	 "label": "Add_component" 
},{
	 "source": "530", 
	 "target": "405", 
	 "label": "Add_package" 
},{
	 "source": "530", 
	 "target": "393", 
	 "label": "Add_requirement" 
},{
	 "source": "530", 
	 "target": "406", 
	 "label": "Add_swimplementation" 
},{
	 "source": "530", 
	 "target": "394", 
	 "label": "Add_swimplementation" 
},{
	 "source": "531", 
	 "target": "251", 
	 "label": "Add_port" 
},{
	 "source": "532", 
	 "target": "402", 
	 "label": "Add_package" 
},{
	 "source": "532", 
	 "target": "403", 
	 "label": "Add_swimplementation" 
},{
	 "source": "404", 
	 "target": "401", 
	 "label": "Add_port" 
},{
	 "source": "404", 
	 "target": "385", 
	 "label": "Add_port" 
},{
	 "source": "404", 
	 "target": "533", 
	 "label": "Remove_swimplementation" 
},{
	 "source": "404", 
	 "target": "403", 
	 "label": "Add_swimplementation" 
},{
	 "source": "533", 
	 "target": "404", 
	 "label": "Remove_component" 
},{
	 "source": "534", 
	 "target": "397", 
	 "label": "Add_port" 
},{
	 "source": "535", 
	 "target": "398", 
	 "label": "Add_package" 
},{
	 "source": "535", 
	 "target": "400", 
	 "label": "Add_requirement" 
},{
	 "source": "536", 
	 "target": "396", 
	 "label": "Add_package" 
},{
	 "source": "537", 
	 "target": "395", 
	 "label": "Add_port" 
},{
	 "source": "537", 
	 "target": "132", 
	 "label": "Add_port" 
},{
	 "source": "407", 
	 "target": "538", 
	 "label": "Remove_swimplementation" 
},{
	 "source": "407", 
	 "target": "406", 
	 "label": "Add_swimplementation" 
},{
	 "source": "538", 
	 "target": "407", 
	 "label": "Remove_component" 
},{
	 "source": "539", 
	 "target": "363", 
	 "label": "Add_component" 
},{
	 "source": "539", 
	 "target": "388", 
	 "label": "Add_package" 
},{
	 "source": "539", 
	 "target": "365", 
	 "label": "Add_requirement" 
},{
	 "source": "539", 
	 "target": "366", 
	 "label": "Add_swimplementation" 
},{
	 "source": "539", 
	 "target": "389", 
	 "label": "Add_swimplementation" 
},{
	 "source": "540", 
	 "target": "382", 
	 "label": "Add_package" 
},{
	 "source": "540", 
	 "target": "381", 
	 "label": "Add_package" 
},{
	 "source": "540", 
	 "target": "386", 
	 "label": "Add_swimplementation" 
},{
	 "source": "541", 
	 "target": "379", 
	 "label": "Add_swimplementation" 
},{
	 "source": "380", 
	 "target": "226", 
	 "label": "Add_port" 
},{
	 "source": "380", 
	 "target": "542", 
	 "label": "Remove_swimplementation" 
},{
	 "source": "380", 
	 "target": "379", 
	 "label": "Add_swimplementation" 
},{
	 "source": "543", 
	 "target": "376", 
	 "label": "Add_connector" 
},{
	 "source": "543", 
	 "target": "377", 
	 "label": "Add_requirement" 
},{
	 "source": "544", 
	 "target": "374", 
	 "label": "Add_swimplementation" 
},{
	 "source": "375", 
	 "target": "373", 
	 "label": "Add_port" 
},{
	 "source": "375", 
	 "target": "374", 
	 "label": "Add_swimplementation" 
},{
	 "source": "542", 
	 "target": "380", 
	 "label": "Remove_component" 
},{
	 "source": "545", 
	 "target": "370", 
	 "label": "Add_package" 
},{
	 "source": "545", 
	 "target": "372", 
	 "label": "Add_requirement" 
},{
	 "source": "546", 
	 "target": "369", 
	 "label": "Add_port" 
},{
	 "source": "546", 
	 "target": "38", 
	 "label": "Add_port" 
},{
	 "source": "547", 
	 "target": "133", 
	 "label": "Add_port" 
},{
	 "source": "387", 
	 "target": "367", 
	 "label": "Add_port" 
},{
	 "source": "387", 
	 "target": "368", 
	 "label": "Add_port" 
},{
	 "source": "387", 
	 "target": "548", 
	 "label": "Remove_swimplementation" 
},{
	 "source": "387", 
	 "target": "386", 
	 "label": "Add_swimplementation" 
},{
	 "source": "548", 
	 "target": "387", 
	 "label": "Remove_component" 
},{
	 "source": "390", 
	 "target": "549", 
	 "label": "Remove_swimplementation" 
},{
	 "source": "390", 
	 "target": "389", 
	 "label": "Add_swimplementation" 
},{
	 "source": "549", 
	 "target": "390", 
	 "label": "Remove_component" 
},{
	 "source": "550", 
	 "target": "360", 
	 "label": "Add_package" 
},{
	 "source": "550", 
	 "target": "361", 
	 "label": "Add_swimplementation" 
},{
	 "source": "362", 
	 "target": "275", 
	 "label": "Add_port" 
},{
	 "source": "362", 
	 "target": "359", 
	 "label": "Add_port" 
},{
	 "source": "362", 
	 "target": "361", 
	 "label": "Add_swimplementation" 
},{
	 "source": "551", 
	 "target": "353", 
	 "label": "Add_port" 
},{
	 "source": "552", 
	 "target": "352", 
	 "label": "Add_port" 
},{
	 "source": "552", 
	 "target": "351", 
	 "label": "Add_port" 
},{
	 "source": "446", 
	 "target": "178", 
	 "label": "Add_port" 
},{
	 "source": "446", 
	 "target": "553", 
	 "label": "Remove_swimplementation" 
},{
	 "source": "446", 
	 "target": "445", 
	 "label": "Add_swimplementation" 
},{
	 "source": "553", 
	 "target": "446", 
	 "label": "Remove_component" 
},{
	 "source": "554", 
	 "target": "102", 
	 "label": "Add_port" 
},{
	 "source": "555", 
	 "target": "336", 
	 "label": "Add_component" 
},{
	 "source": "555", 
	 "target": "346", 
	 "label": "Add_package" 
},{
	 "source": "555", 
	 "target": "337", 
	 "label": "Add_requirement" 
},{
	 "source": "555", 
	 "target": "338", 
	 "label": "Add_swimplementation" 
},{
	 "source": "555", 
	 "target": "347", 
	 "label": "Add_swimplementation" 
},{
	 "source": "556", 
	 "target": "339", 
	 "label": "Add_component" 
},{
	 "source": "556", 
	 "target": "343", 
	 "label": "Add_package" 
},{
	 "source": "556", 
	 "target": "341", 
	 "label": "Add_requirement" 
},{
	 "source": "556", 
	 "target": "342", 
	 "label": "Add_swimplementation" 
},{
	 "source": "556", 
	 "target": "344", 
	 "label": "Add_swimplementation" 
},{
	 "source": "345", 
	 "target": "344", 
	 "label": "Add_swimplementation" 
},{
	 "source": "557", 
	 "target": "335", 
	 "label": "Add_port" 
},{
	 "source": "558", 
	 "target": "328", 
	 "label": "Add_package" 
},{
	 "source": "559", 
	 "target": "243", 
	 "label": "Add_port" 
},{
	 "source": "559", 
	 "target": "327", 
	 "label": "Add_port" 
},{
	 "source": "560", 
	 "target": "325", 
	 "label": "Add_swimplementation" 
},{
	 "source": "326", 
	 "target": "318", 
	 "label": "Add_port" 
},{
	 "source": "326", 
	 "target": "561", 
	 "label": "Remove_swimplementation" 
},{
	 "source": "326", 
	 "target": "325", 
	 "label": "Add_swimplementation" 
},{
	 "source": "562", 
	 "target": "319", 
	 "label": "Add_component" 
},{
	 "source": "562", 
	 "target": "323", 
	 "label": "Add_package" 
},{
	 "source": "562", 
	 "target": "321", 
	 "label": "Add_requirement" 
},{
	 "source": "562", 
	 "target": "324", 
	 "label": "Add_swimplementation" 
},{
	 "source": "562", 
	 "target": "322", 
	 "label": "Add_swimplementation" 
},{
	 "source": "561", 
	 "target": "326", 
	 "label": "Remove_component" 
},{
	 "source": "563", 
	 "target": "329", 
	 "label": "Add_component" 
},{
	 "source": "563", 
	 "target": "333", 
	 "label": "Add_package" 
},{
	 "source": "563", 
	 "target": "331", 
	 "label": "Add_requirement" 
},{
	 "source": "563", 
	 "target": "332", 
	 "label": "Add_swimplementation" 
},{
	 "source": "563", 
	 "target": "334", 
	 "label": "Add_swimplementation" 
},{
	 "source": "564", 
	 "target": "348", 
	 "label": "Add_connector" 
},{
	 "source": "564", 
	 "target": "349", 
	 "label": "Add_requirement" 
},{
	 "source": "565", 
	 "target": "314", 
	 "label": "Add_package" 
},{
	 "source": "565", 
	 "target": "315", 
	 "label": "Add_connector" 
},{
	 "source": "565", 
	 "target": "316", 
	 "label": "Add_requirement" 
},{
	 "source": "566", 
	 "target": "313", 
	 "label": "Add_package" 
},{
	 "source": "567", 
	 "target": "312", 
	 "label": "Add_port" 
},{
	 "source": "567", 
	 "target": "311", 
	 "label": "Add_port" 
},{
	 "source": "568", 
	 "target": "303", 
	 "label": "Add_component" 
},{
	 "source": "568", 
	 "target": "299", 
	 "label": "Add_component" 
},{
	 "source": "568", 
	 "target": "307", 
	 "label": "Add_package" 
},{
	 "source": "568", 
	 "target": "306", 
	 "label": "Add_package" 
},{
	 "source": "568", 
	 "target": "301", 
	 "label": "Add_requirement" 
},{
	 "source": "568", 
	 "target": "304", 
	 "label": "Add_requirement" 
},{
	 "source": "568", 
	 "target": "309", 
	 "label": "Add_swimplementation" 
},{
	 "source": "568", 
	 "target": "308", 
	 "label": "Add_swimplementation" 
},{
	 "source": "568", 
	 "target": "302", 
	 "label": "Add_swimplementation" 
},{
	 "source": "568", 
	 "target": "305", 
	 "label": "Add_swimplementation" 
},{
	 "source": "310", 
	 "target": "298", 
	 "label": "Add_port" 
},{
	 "source": "310", 
	 "target": "309", 
	 "label": "Add_swimplementation" 
},{
	 "source": "569", 
	 "target": "293", 
	 "label": "Add_package" 
},{
	 "source": "569", 
	 "target": "294", 
	 "label": "Add_connector" 
},{
	 "source": "569", 
	 "target": "295", 
	 "label": "Add_requirement" 
},{
	 "source": "570", 
	 "target": "292", 
	 "label": "Add_port" 
},{
	 "source": "571", 
	 "target": "280", 
	 "label": "Add_swimplementation" 
},{
	 "source": "281", 
	 "target": "279", 
	 "label": "Add_port" 
},{
	 "source": "281", 
	 "target": "572", 
	 "label": "Remove_swimplementation" 
},{
	 "source": "281", 
	 "target": "280", 
	 "label": "Add_swimplementation" 
},{
	 "source": "572", 
	 "target": "281", 
	 "label": "Remove_component" 
},{
	 "source": "573", 
	 "target": "285", 
	 "label": "Add_package" 
},{
	 "source": "574", 
	 "target": "282", 
	 "label": "Add_port" 
},{
	 "source": "574", 
	 "target": "284", 
	 "label": "Add_port" 
},{
	 "source": "574", 
	 "target": "283", 
	 "label": "Add_port" 
},{
	 "source": "575", 
	 "target": "276", 
	 "label": "Add_package" 
},{
	 "source": "575", 
	 "target": "277", 
	 "label": "Add_swimplementation" 
},{
	 "source": "576", 
	 "target": "13", 
	 "label": "Add_port" 
},{
	 "source": "577", 
	 "target": "272", 
	 "label": "Add_connector" 
},{
	 "source": "577", 
	 "target": "273", 
	 "label": "Add_requirement" 
},{
	 "source": "578", 
	 "target": "269", 
	 "label": "Add_package" 
},{
	 "source": "578", 
	 "target": "270", 
	 "label": "Add_swimplementation" 
},{
	 "source": "271", 
	 "target": "267", 
	 "label": "Add_port" 
},{
	 "source": "271", 
	 "target": "268", 
	 "label": "Add_port" 
},{
	 "source": "271", 
	 "target": "579", 
	 "label": "Remove_swimplementation" 
},{
	 "source": "271", 
	 "target": "270", 
	 "label": "Add_swimplementation" 
},{
	 "source": "579", 
	 "target": "271", 
	 "label": "Remove_component" 
},{
	 "source": "580", 
	 "target": "252", 
	 "label": "Add_component" 
},{
	 "source": "580", 
	 "target": "256", 
	 "label": "Add_package" 
},{
	 "source": "580", 
	 "target": "254", 
	 "label": "Add_requirement" 
},{
	 "source": "580", 
	 "target": "255", 
	 "label": "Add_swimplementation" 
},{
	 "source": "580", 
	 "target": "257", 
	 "label": "Add_swimplementation" 
},{
	 "source": "581", 
	 "target": "258", 
	 "label": "Add_component" 
},{
	 "source": "581", 
	 "target": "262", 
	 "label": "Add_package" 
},{
	 "source": "581", 
	 "target": "260", 
	 "label": "Add_requirement" 
},{
	 "source": "581", 
	 "target": "263", 
	 "label": "Add_swimplementation" 
},{
	 "source": "581", 
	 "target": "261", 
	 "label": "Add_swimplementation" 
},{
	 "source": "582", 
	 "target": "264", 
	 "label": "Add_package" 
},{
	 "source": "582", 
	 "target": "266", 
	 "label": "Add_requirement" 
},{
	 "source": "583", 
	 "target": "245", 
	 "label": "Add_package" 
},{
	 "source": "583", 
	 "target": "246", 
	 "label": "Add_swimplementation" 
},{
	 "source": "583", 
	 "target": "247", 
	 "label": "Add_swimplementation" 
},{
	 "source": "248", 
	 "target": "214", 
	 "label": "Add_port" 
},{
	 "source": "248", 
	 "target": "235", 
	 "label": "Add_port" 
},{
	 "source": "248", 
	 "target": "234", 
	 "label": "Add_port" 
},{
	 "source": "248", 
	 "target": "584", 
	 "label": "Remove_swimplementation" 
},{
	 "source": "248", 
	 "target": "247", 
	 "label": "Add_swimplementation" 
},{
	 "source": "585", 
	 "target": "236", 
	 "label": "Add_component" 
},{
	 "source": "585", 
	 "target": "240", 
	 "label": "Add_package" 
},{
	 "source": "585", 
	 "target": "241", 
	 "label": "Add_connector" 
},{
	 "source": "585", 
	 "target": "238", 
	 "label": "Add_requirement" 
},{
	 "source": "585", 
	 "target": "242", 
	 "label": "Add_requirement" 
},{
	 "source": "585", 
	 "target": "239", 
	 "label": "Add_swimplementation" 
},{
	 "source": "585", 
	 "target": "244", 
	 "label": "Add_swimplementation" 
},{
	 "source": "584", 
	 "target": "248", 
	 "label": "Remove_component" 
},{
	 "source": "586", 
	 "target": "249", 
	 "label": "Add_connector" 
},{
	 "source": "586", 
	 "target": "250", 
	 "label": "Add_requirement" 
},{
	 "source": "278", 
	 "target": "232", 
	 "label": "Add_port" 
},{
	 "source": "278", 
	 "target": "233", 
	 "label": "Add_port" 
},{
	 "source": "278", 
	 "target": "587", 
	 "label": "Remove_swimplementation" 
},{
	 "source": "278", 
	 "target": "277", 
	 "label": "Add_swimplementation" 
},{
	 "source": "587", 
	 "target": "278", 
	 "label": "Remove_component" 
},{
	 "source": "588", 
	 "target": "286", 
	 "label": "Add_component" 
},{
	 "source": "588", 
	 "target": "290", 
	 "label": "Add_package" 
},{
	 "source": "588", 
	 "target": "288", 
	 "label": "Add_requirement" 
},{
	 "source": "588", 
	 "target": "291", 
	 "label": "Add_swimplementation" 
},{
	 "source": "588", 
	 "target": "289", 
	 "label": "Add_swimplementation" 
},{
	 "source": "589", 
	 "target": "230", 
	 "label": "Add_connector" 
},{
	 "source": "589", 
	 "target": "231", 
	 "label": "Add_requirement" 
},{
	 "source": "590", 
	 "target": "227", 
	 "label": "Add_package" 
},{
	 "source": "590", 
	 "target": "229", 
	 "label": "Add_requirement" 
},{
	 "source": "591", 
	 "target": "223", 
	 "label": "Add_package" 
},{
	 "source": "591", 
	 "target": "224", 
	 "label": "Add_connector" 
},{
	 "source": "591", 
	 "target": "225", 
	 "label": "Add_requirement" 
},{
	 "source": "592", 
	 "target": "222", 
	 "label": "Add_port" 
},{
	 "source": "593", 
	 "target": "219", 
	 "label": "Add_package" 
},{
	 "source": "593", 
	 "target": "216", 
	 "label": "Add_package" 
},{
	 "source": "593", 
	 "target": "218", 
	 "label": "Add_requirement" 
},{
	 "source": "593", 
	 "target": "220", 
	 "label": "Add_swimplementation" 
},{
	 "source": "221", 
	 "target": "215", 
	 "label": "Add_port" 
},{
	 "source": "221", 
	 "target": "220", 
	 "label": "Add_swimplementation" 
},{
	 "source": "594", 
	 "target": "37", 
	 "label": "Add_port" 
},{
	 "source": "595", 
	 "target": "200", 
	 "label": "Add_package" 
},{
	 "source": "595", 
	 "target": "210", 
	 "label": "Add_swimplementation" 
},{
	 "source": "211", 
	 "target": "199", 
	 "label": "Add_port" 
},{
	 "source": "211", 
	 "target": "23", 
	 "label": "Add_port" 
},{
	 "source": "211", 
	 "target": "596", 
	 "label": "Remove_swimplementation" 
},{
	 "source": "211", 
	 "target": "210", 
	 "label": "Add_swimplementation" 
},{
	 "source": "596", 
	 "target": "211", 
	 "label": "Remove_component" 
},{
	 "source": "597", 
	 "target": "198", 
	 "label": "Add_port" 
},{
	 "source": "598", 
	 "target": "195", 
	 "label": "Add_package" 
},{
	 "source": "598", 
	 "target": "196", 
	 "label": "Add_swimplementation" 
},{
	 "source": "599", 
	 "target": "188", 
	 "label": "Add_component" 
},{
	 "source": "599", 
	 "target": "192", 
	 "label": "Add_package" 
},{
	 "source": "599", 
	 "target": "190", 
	 "label": "Add_requirement" 
},{
	 "source": "599", 
	 "target": "191", 
	 "label": "Add_swimplementation" 
},{
	 "source": "599", 
	 "target": "193", 
	 "label": "Add_swimplementation" 
},{
	 "source": "194", 
	 "target": "600", 
	 "label": "Remove_swimplementation" 
},{
	 "source": "194", 
	 "target": "193", 
	 "label": "Add_swimplementation" 
},{
	 "source": "600", 
	 "target": "194", 
	 "label": "Remove_component" 
},{
	 "source": "601", 
	 "target": "182", 
	 "label": "Add_package" 
},{
	 "source": "601", 
	 "target": "185", 
	 "label": "Add_package" 
},{
	 "source": "601", 
	 "target": "184", 
	 "label": "Add_requirement" 
},{
	 "source": "601", 
	 "target": "186", 
	 "label": "Add_swimplementation" 
},{
	 "source": "187", 
	 "target": "179", 
	 "label": "Add_port" 
},{
	 "source": "187", 
	 "target": "602", 
	 "label": "Remove_swimplementation" 
},{
	 "source": "187", 
	 "target": "186", 
	 "label": "Add_swimplementation" 
},{
	 "source": "603", 
	 "target": "180", 
	 "label": "Add_connector" 
},{
	 "source": "603", 
	 "target": "181", 
	 "label": "Add_requirement" 
},{
	 "source": "602", 
	 "target": "187", 
	 "label": "Remove_component" 
},{
	 "source": "604", 
	 "target": "176", 
	 "label": "Add_connector" 
},{
	 "source": "604", 
	 "target": "177", 
	 "label": "Add_requirement" 
},{
	 "source": "605", 
	 "target": "175", 
	 "label": "Add_port" 
},{
	 "source": "606", 
	 "target": "145", 
	 "label": "Add_port" 
},{
	 "source": "197", 
	 "target": "146", 
	 "label": "Add_port" 
},{
	 "source": "197", 
	 "target": "174", 
	 "label": "Add_port" 
},{
	 "source": "197", 
	 "target": "607", 
	 "label": "Remove_swimplementation" 
},{
	 "source": "197", 
	 "target": "196", 
	 "label": "Add_swimplementation" 
},{
	 "source": "607", 
	 "target": "197", 
	 "label": "Remove_component" 
},{
	 "source": "608", 
	 "target": "173", 
	 "label": "Add_package" 
},{
	 "source": "609", 
	 "target": "16", 
	 "label": "Add_port" 
},{
	 "source": "609", 
	 "target": "154", 
	 "label": "Add_port" 
},{
	 "source": "610", 
	 "target": "155", 
	 "label": "Add_component" 
},{
	 "source": "610", 
	 "target": "159", 
	 "label": "Add_package" 
},{
	 "source": "610", 
	 "target": "157", 
	 "label": "Add_requirement" 
},{
	 "source": "610", 
	 "target": "160", 
	 "label": "Add_swimplementation" 
},{
	 "source": "610", 
	 "target": "158", 
	 "label": "Add_swimplementation" 
},{
	 "source": "611", 
	 "target": "161", 
	 "label": "Add_component" 
},{
	 "source": "611", 
	 "target": "165", 
	 "label": "Add_package" 
},{
	 "source": "611", 
	 "target": "163", 
	 "label": "Add_requirement" 
},{
	 "source": "611", 
	 "target": "164", 
	 "label": "Add_swimplementation" 
},{
	 "source": "611", 
	 "target": "166", 
	 "label": "Add_swimplementation" 
},{
	 "source": "612", 
	 "target": "167", 
	 "label": "Add_component" 
},{
	 "source": "612", 
	 "target": "171", 
	 "label": "Add_package" 
},{
	 "source": "612", 
	 "target": "169", 
	 "label": "Add_requirement" 
},{
	 "source": "612", 
	 "target": "170", 
	 "label": "Add_swimplementation" 
},{
	 "source": "612", 
	 "target": "172", 
	 "label": "Add_swimplementation" 
},{
	 "source": "613", 
	 "target": "148", 
	 "label": "Add_package" 
},{
	 "source": "613", 
	 "target": "151", 
	 "label": "Add_package" 
},{
	 "source": "613", 
	 "target": "150", 
	 "label": "Add_requirement" 
},{
	 "source": "613", 
	 "target": "152", 
	 "label": "Add_swimplementation" 
},{
	 "source": "153", 
	 "target": "147", 
	 "label": "Add_port" 
},{
	 "source": "153", 
	 "target": "152", 
	 "label": "Add_swimplementation" 
},{
	 "source": "614", 
	 "target": "137", 
	 "label": "Add_package" 
},{
	 "source": "614", 
	 "target": "139", 
	 "label": "Add_requirement" 
},{
	 "source": "615", 
	 "target": "140", 
	 "label": "Add_package" 
},{
	 "source": "615", 
	 "target": "143", 
	 "label": "Add_connector" 
},{
	 "source": "615", 
	 "target": "144", 
	 "label": "Add_requirement" 
},{
	 "source": "615", 
	 "target": "142", 
	 "label": "Add_requirement" 
},{
	 "source": "616", 
	 "target": "121", 
	 "label": "Add_component" 
},{
	 "source": "616", 
	 "target": "129", 
	 "label": "Add_package" 
},{
	 "source": "616", 
	 "target": "130", 
	 "label": "Add_connector" 
},{
	 "source": "616", 
	 "target": "123", 
	 "label": "Add_requirement" 
},{
	 "source": "616", 
	 "target": "131", 
	 "label": "Add_requirement" 
},{
	 "source": "616", 
	 "target": "134", 
	 "label": "Add_swimplementation" 
},{
	 "source": "616", 
	 "target": "135", 
	 "label": "Add_swimplementation" 
},{
	 "source": "616", 
	 "target": "124", 
	 "label": "Add_swimplementation" 
},{
	 "source": "136", 
	 "target": "617", 
	 "label": "Remove_swimplementation" 
},{
	 "source": "136", 
	 "target": "135", 
	 "label": "Add_swimplementation" 
},{
	 "source": "618", 
	 "target": "125", 
	 "label": "Add_port" 
},{
	 "source": "619", 
	 "target": "126", 
	 "label": "Add_package" 
},{
	 "source": "619", 
	 "target": "128", 
	 "label": "Add_requirement" 
},{
	 "source": "617", 
	 "target": "136", 
	 "label": "Remove_component" 
},{
	 "source": "620", 
	 "target": "24", 
	 "label": "Add_port" 
},{
	 "source": "621", 
	 "target": "108", 
	 "label": "Add_component" 
},{
	 "source": "621", 
	 "target": "118", 
	 "label": "Add_package" 
},{
	 "source": "621", 
	 "target": "110", 
	 "label": "Add_requirement" 
},{
	 "source": "621", 
	 "target": "111", 
	 "label": "Add_swimplementation" 
},{
	 "source": "621", 
	 "target": "119", 
	 "label": "Add_swimplementation" 
},{
	 "source": "120", 
	 "target": "622", 
	 "label": "Remove_swimplementation" 
},{
	 "source": "120", 
	 "target": "119", 
	 "label": "Add_swimplementation" 
},{
	 "source": "623", 
	 "target": "112", 
	 "label": "Add_component" 
},{
	 "source": "623", 
	 "target": "116", 
	 "label": "Add_package" 
},{
	 "source": "623", 
	 "target": "114", 
	 "label": "Add_requirement" 
},{
	 "source": "623", 
	 "target": "115", 
	 "label": "Add_swimplementation" 
},{
	 "source": "623", 
	 "target": "117", 
	 "label": "Add_swimplementation" 
},{
	 "source": "622", 
	 "target": "120", 
	 "label": "Remove_component" 
},{
	 "source": "624", 
	 "target": "107", 
	 "label": "Add_port" 
},{
	 "source": "625", 
	 "target": "106", 
	 "label": "Add_package" 
},{
	 "source": "626", 
	 "target": "99", 
	 "label": "Add_package" 
},{
	 "source": "627", 
	 "target": "98", 
	 "label": "Add_port" 
},{
	 "source": "627", 
	 "target": "97", 
	 "label": "Add_port" 
},{
	 "source": "628", 
	 "target": "96", 
	 "label": "Add_package" 
},{
	 "source": "629", 
	 "target": "90", 
	 "label": "Add_package" 
},{
	 "source": "629", 
	 "target": "93", 
	 "label": "Add_package" 
},{
	 "source": "629", 
	 "target": "92", 
	 "label": "Add_requirement" 
},{
	 "source": "629", 
	 "target": "94", 
	 "label": "Add_swimplementation" 
},{
	 "source": "630", 
	 "target": "87", 
	 "label": "Add_package" 
},{
	 "source": "630", 
	 "target": "89", 
	 "label": "Add_requirement" 
},{
	 "source": "631", 
	 "target": "85", 
	 "label": "Add_swimplementation" 
},{
	 "source": "632", 
	 "target": "82", 
	 "label": "Add_package" 
},{
	 "source": "632", 
	 "target": "84", 
	 "label": "Add_requirement" 
},{
	 "source": "633", 
	 "target": "76", 
	 "label": "Add_component" 
},{
	 "source": "633", 
	 "target": "80", 
	 "label": "Add_package" 
},{
	 "source": "633", 
	 "target": "78", 
	 "label": "Add_requirement" 
},{
	 "source": "633", 
	 "target": "81", 
	 "label": "Add_swimplementation" 
},{
	 "source": "633", 
	 "target": "79", 
	 "label": "Add_swimplementation" 
},{
	 "source": "86", 
	 "target": "75", 
	 "label": "Add_port" 
},{
	 "source": "86", 
	 "target": "634", 
	 "label": "Remove_swimplementation" 
},{
	 "source": "86", 
	 "target": "85", 
	 "label": "Add_swimplementation" 
},{
	 "source": "634", 
	 "target": "86", 
	 "label": "Remove_component" 
},{
	 "source": "635", 
	 "target": "74", 
	 "label": "Add_port" 
},{
	 "source": "95", 
	 "target": "636", 
	 "label": "Remove_swimplementation" 
},{
	 "source": "95", 
	 "target": "94", 
	 "label": "Add_swimplementation" 
},{
	 "source": "636", 
	 "target": "95", 
	 "label": "Remove_component" 
},{
	 "source": "637", 
	 "target": "73", 
	 "label": "Add_port" 
},{
	 "source": "637", 
	 "target": "71", 
	 "label": "Add_port" 
},{
	 "source": "637", 
	 "target": "72", 
	 "label": "Add_port" 
},{
	 "source": "638", 
	 "target": "69", 
	 "label": "Add_port" 
},{
	 "source": "638", 
	 "target": "70", 
	 "label": "Add_port" 
},{
	 "source": "639", 
	 "target": "100", 
	 "label": "Add_connector" 
},{
	 "source": "639", 
	 "target": "101", 
	 "label": "Add_requirement" 
},{
	 "source": "640", 
	 "target": "103", 
	 "label": "Add_package" 
},{
	 "source": "640", 
	 "target": "105", 
	 "label": "Add_requirement" 
},{
	 "source": "641", 
	 "target": "53", 
	 "label": "Add_component" 
},{
	 "source": "641", 
	 "target": "57", 
	 "label": "Add_package" 
},{
	 "source": "641", 
	 "target": "55", 
	 "label": "Add_requirement" 
},{
	 "source": "641", 
	 "target": "58", 
	 "label": "Add_swimplementation" 
},{
	 "source": "641", 
	 "target": "56", 
	 "label": "Add_swimplementation" 
},{
	 "source": "59", 
	 "target": "58", 
	 "label": "Add_swimplementation" 
},{
	 "source": "642", 
	 "target": "60", 
	 "label": "Add_component" 
},{
	 "source": "642", 
	 "target": "64", 
	 "label": "Add_package" 
},{
	 "source": "642", 
	 "target": "62", 
	 "label": "Add_requirement" 
},{
	 "source": "642", 
	 "target": "63", 
	 "label": "Add_swimplementation" 
},{
	 "source": "642", 
	 "target": "65", 
	 "label": "Add_swimplementation" 
},{
	 "source": "643", 
	 "target": "51", 
	 "label": "Add_swimplementation" 
},{
	 "source": "52", 
	 "target": "50", 
	 "label": "Add_port" 
},{
	 "source": "52", 
	 "target": "644", 
	 "label": "Remove_swimplementation" 
},{
	 "source": "52", 
	 "target": "51", 
	 "label": "Add_swimplementation" 
},{
	 "source": "644", 
	 "target": "52", 
	 "label": "Remove_component" 
},{
	 "source": "645", 
	 "target": "66", 
	 "label": "Add_package" 
},{
	 "source": "645", 
	 "target": "68", 
	 "label": "Add_requirement" 
},{
	 "source": "646", 
	 "target": "212", 
	 "label": "Add_connector" 
},{
	 "source": "646", 
	 "target": "213", 
	 "label": "Add_requirement" 
},{
	 "source": "647", 
	 "target": "49", 
	 "label": "Add_port" 
},{
	 "source": "648", 
	 "target": "34", 
	 "label": "Add_package" 
},{
	 "source": "648", 
	 "target": "35", 
	 "label": "Add_connector" 
},{
	 "source": "648", 
	 "target": "36", 
	 "label": "Add_requirement" 
},{
	 "source": "648", 
	 "target": "39", 
	 "label": "Add_swimplementation" 
},{
	 "source": "648", 
	 "target": "41", 
	 "label": "Add_swimplementation" 
},{
	 "source": "649", 
	 "target": "28", 
	 "label": "Add_component" 
},{
	 "source": "649", 
	 "target": "31", 
	 "label": "Add_package" 
},{
	 "source": "649", 
	 "target": "29", 
	 "label": "Add_requirement" 
},{
	 "source": "649", 
	 "target": "32", 
	 "label": "Add_swimplementation" 
},{
	 "source": "649", 
	 "target": "30", 
	 "label": "Add_swimplementation" 
},{
	 "source": "33", 
	 "target": "27", 
	 "label": "Add_port" 
},{
	 "source": "33", 
	 "target": "650", 
	 "label": "Remove_swimplementation" 
},{
	 "source": "33", 
	 "target": "32", 
	 "label": "Add_swimplementation" 
},{
	 "source": "650", 
	 "target": "33", 
	 "label": "Remove_component" 
},{
	 "source": "42", 
	 "target": "651", 
	 "label": "Remove_swimplementation" 
},{
	 "source": "42", 
	 "target": "41", 
	 "label": "Add_swimplementation" 
},{
	 "source": "40", 
	 "target": "26", 
	 "label": "Add_port" 
},{
	 "source": "40", 
	 "target": "25", 
	 "label": "Add_port" 
},{
	 "source": "40", 
	 "target": "652", 
	 "label": "Remove_swimplementation" 
},{
	 "source": "40", 
	 "target": "39", 
	 "label": "Add_swimplementation" 
},{
	 "source": "652", 
	 "target": "40", 
	 "label": "Remove_component" 
},{
	 "source": "651", 
	 "target": "42", 
	 "label": "Remove_component" 
},{
	 "source": "653", 
	 "target": "19", 
	 "label": "Add_swimplementation" 
},{
	 "source": "20", 
	 "target": "4", 
	 "label": "Add_port" 
},{
	 "source": "20", 
	 "target": "654", 
	 "label": "Remove_swimplementation" 
},{
	 "source": "20", 
	 "target": "19", 
	 "label": "Add_swimplementation" 
},{
	 "source": "655", 
	 "target": "5", 
	 "label": "Add_component" 
},{
	 "source": "655", 
	 "target": "9", 
	 "label": "Add_package" 
},{
	 "source": "655", 
	 "target": "14", 
	 "label": "Add_connector" 
},{
	 "source": "655", 
	 "target": "10", 
	 "label": "Add_connector" 
},{
	 "source": "655", 
	 "target": "11", 
	 "label": "Add_requirement" 
},{
	 "source": "655", 
	 "target": "15", 
	 "label": "Add_requirement" 
},{
	 "source": "655", 
	 "target": "7", 
	 "label": "Add_requirement" 
},{
	 "source": "655", 
	 "target": "8", 
	 "label": "Add_swimplementation" 
},{
	 "source": "655", 
	 "target": "18", 
	 "label": "Add_swimplementation" 
},{
	 "source": "654", 
	 "target": "20", 
	 "label": "Remove_component" 
},{
	 "source": "656", 
	 "target": "21", 
	 "label": "Add_connector" 
},{
	 "source": "656", 
	 "target": "22", 
	 "label": "Add_requirement" 
},{
	 "source": "657", 
	 "target": "1", 
	 "label": "Add_package" 
},{
	 "source": "657", 
	 "target": "3", 
	 "label": "Add_requirement" 
},{
	 "source": "658", 
	 "target": "43", 
	 "label": "Add_package" 
},{
	 "source": "658", 
	 "target": "48", 
	 "label": "Add_requirement" 
},{
	 "source": "507", 
	 "target": "0", 
	 "label": "Add_port" 
},{
	 "source": "507", 
	 "target": "659", 
	 "label": "Remove_swimplementation" 
},{
	 "source": "507", 
	 "target": "506", 
	 "label": "Add_swimplementation" 
},{
	 "source": "659", 
	 "target": "507", 
	 "label": "Remove_component" 
}]}