{"directed": true, "multigraph": false, "graph": {}, 
  "nodes": [{
	 "id": "0", 
	 "label": "Add_Port" 
},{
	 "id": "1", 
	 "label": "Add_Port" 
},{
	 "id": "2", 
	 "label": "Add_Port" 
},{
	 "id": "3", 
	 "label": "Add_Component" 
},{
	 "id": "4", 
	 "label": "Add_Requirement" 
},{
	 "id": "5", 
	 "label": "Add_SwImplementation" 
},{
	 "id": "6", 
	 "label": "Add_Port" 
},{
	 "id": "7", 
	 "label": "Add_Port" 
},{
	 "id": "8", 
	 "label": "Add_Port" 
},{
	 "id": "9", 
	 "label": "Add_SwImplementation" 
},{
	 "id": "10", 
	 "label": "Preserve_Component" 
},{
	 "id": "11", 
	 "label": "Add_Connector" 
},{
	 "id": "12", 
	 "label": "Add_Requirement" 
},{
	 "id": "13", 
	 "label": "Add_Port" 
},{
	 "id": "14", 
	 "label": "Add_Connector" 
},{
	 "id": "15", 
	 "label": "Add_Requirement" 
},{
	 "id": "16", 
	 "label": "Add_Port" 
},{
	 "id": "17", 
	 "label": "Add_Port" 
},{
	 "id": "18", 
	 "label": "Add_Port" 
},{
	 "id": "19", 
	 "label": "Add_Package" 
},{
	 "id": "20", 
	 "label": "Add_Connector" 
},{
	 "id": "21", 
	 "label": "Add_Requirement" 
},{
	 "id": "22", 
	 "label": "Add_Port" 
},{
	 "id": "23", 
	 "label": "Add_SwImplementation" 
},{
	 "id": "24", 
	 "label": "Preserve_Component" 
},{
	 "id": "25", 
	 "label": "Add_Package" 
},{
	 "id": "26", 
	 "label": "Add_Component" 
},{
	 "id": "27", 
	 "label": "Add_Requirement" 
},{
	 "id": "28", 
	 "label": "Add_Connector" 
},{
	 "id": "29", 
	 "label": "Add_Requirement" 
},{
	 "id": "30", 
	 "label": "Add_Port" 
},{
	 "id": "31", 
	 "label": "Add_Port" 
},{
	 "id": "32", 
	 "label": "Add_Package" 
},{
	 "id": "33", 
	 "label": "Add_Connector" 
},{
	 "id": "34", 
	 "label": "Add_Requirement" 
},{
	 "id": "35", 
	 "label": "Add_Port" 
},{
	 "id": "36", 
	 "label": "Add_Component" 
},{
	 "id": "37", 
	 "label": "Add_Port" 
},{
	 "id": "38", 
	 "label": "Add_Requirement" 
},{
	 "id": "39", 
	 "label": "Add_SwImplementation" 
},{
	 "id": "40", 
	 "label": "Add_Package" 
},{
	 "id": "41", 
	 "label": "Add_SwImplementation" 
},{
	 "id": "42", 
	 "label": "Add_Package" 
},{
	 "id": "43", 
	 "label": "Add_Port" 
},{
	 "id": "44", 
	 "label": "Add_Port" 
},{
	 "id": "45", 
	 "label": "Add_Package" 
},{
	 "id": "46", 
	 "label": "Add_Connector" 
},{
	 "id": "47", 
	 "label": "Add_Requirement" 
},{
	 "id": "48", 
	 "label": "Add_Port" 
},{
	 "id": "49", 
	 "label": "Add_Package" 
},{
	 "id": "50", 
	 "label": "Add_Component" 
},{
	 "id": "51", 
	 "label": "Add_Package" 
},{
	 "id": "52", 
	 "label": "Add_Package" 
},{
	 "id": "53", 
	 "label": "Add_Requirement" 
},{
	 "id": "54", 
	 "label": "Add_SwImplementation" 
},{
	 "id": "55", 
	 "label": "Add_Port" 
},{
	 "id": "56", 
	 "label": "Add_Requirement" 
},{
	 "id": "57", 
	 "label": "Add_Component" 
},{
	 "id": "58", 
	 "label": "Add_Package" 
},{
	 "id": "59", 
	 "label": "Add_SwImplementation" 
},{
	 "id": "60", 
	 "label": "Preserve_Component" 
},{
	 "id": "61", 
	 "label": "Add_SwImplementation" 
},{
	 "id": "62", 
	 "label": "Preserve_Component" 
},{
	 "id": "63", 
	 "label": "Add_SwImplementation" 
},{
	 "id": "64", 
	 "label": "Preserve_Component" 
},{
	 "id": "65", 
	 "label": "Add_Port" 
},{
	 "id": "66", 
	 "label": "Add_Package" 
},{
	 "id": "67", 
	 "label": "Add_SwImplementation" 
},{
	 "id": "68", 
	 "label": "Preserve_Component" 
},{
	 "id": "69", 
	 "label": "Preserve_Package" 
},{
	 "id": "70", 
	 "label": "Preserve_SwImplementation" 
},{
	 "id": "71", 
	 "label": "Preserve_Package" 
},{
	 "id": "72", 
	 "label": "Preserve_Package" 
},{
	 "id": "73", 
	 "label": "Preserve_SwImplementation" 
},{
	 "id": "74", 
	 "label": "Preserve_Package" 
},{
	 "id": "75", 
	 "label": "Preserve_Component" 
},{
	 "id": "76", 
	 "label": "Preserve_SwImplementation" 
},{
	 "id": "77", 
	 "label": "Preserve_SwImplementation" 
},{
	 "id": "78", 
	 "label": "Preserve_Package" 
},{
	 "id": "79", 
	 "label": "Preserve_Package" 
},{
	 "id": "80", 
	 "label": "Preserve_Component" 
},{
	 "id": "81", 
	 "label": "Preserve_Package" 
},{
	 "id": "82", 
	 "label": "Preserve_Package" 
},{
	 "id": "83", 
	 "label": "Preserve_Package" 
},{
	 "id": "84", 
	 "label": "Preserve_Package" 
},{
	 "id": "85", 
	 "label": "Preserve_Component" 
},{
	 "id": "86", 
	 "label": "Preserve_Component" 
},{
	 "id": "87", 
	 "label": "Preserve_SwImplementation" 
},{
	 "id": "88", 
	 "label": "Preserve_Package" 
},{
	 "id": "89", 
	 "label": "Preserve_SwImplementation" 
},{
	 "id": "90", 
	 "label": "Preserve_Package" 
},{
	 "id": "91", 
	 "label": "Preserve_Package" 
},{
	 "id": "92", 
	 "label": "Preserve_Package" 
},{
	 "id": "93", 
	 "label": "Preserve_Component" 
},{
	 "id": "94", 
	 "label": "Preserve_Component" 
},{
	 "id": "95", 
	 "label": "Preserve_Component" 
}], 
 "links": [{
	 "source": "3", 
	 "target": "4", 
	 "label": "Add_requirement" 
},{
	 "source": "3", 
	 "target": "5", 
	 "label": "Add_swimplementation" 
},{
	 "source": "9", 
	 "target": "10", 
	 "label": "Add_component" 
},{
	 "source": "11", 
	 "target": "12", 
	 "label": "Add_requirement" 
},{
	 "source": "11", 
	 "target": "6", 
	 "label": "Add_src" 
},{
	 "source": "11", 
	 "target": "13", 
	 "label": "Add_tgt" 
},{
	 "source": "14", 
	 "target": "15", 
	 "label": "Add_requirement" 
},{
	 "source": "14", 
	 "target": "16", 
	 "label": "Add_src" 
},{
	 "source": "14", 
	 "target": "17", 
	 "label": "Add_tgt" 
},{
	 "source": "20", 
	 "target": "21", 
	 "label": "Add_requirement" 
},{
	 "source": "20", 
	 "target": "7", 
	 "label": "Add_src" 
},{
	 "source": "20", 
	 "target": "22", 
	 "label": "Add_tgt" 
},{
	 "source": "23", 
	 "target": "24", 
	 "label": "Add_component" 
},{
	 "source": "25", 
	 "target": "26", 
	 "label": "Add_component" 
},{
	 "source": "26", 
	 "target": "27", 
	 "label": "Add_requirement" 
},{
	 "source": "28", 
	 "target": "29", 
	 "label": "Add_requirement" 
},{
	 "source": "28", 
	 "target": "0", 
	 "label": "Add_src" 
},{
	 "source": "28", 
	 "target": "30", 
	 "label": "Add_tgt" 
},{
	 "source": "5", 
	 "target": "3", 
	 "label": "Add_component" 
},{
	 "source": "32", 
	 "target": "33", 
	 "label": "Add_connector" 
},{
	 "source": "32", 
	 "target": "34", 
	 "label": "Add_requirement" 
},{
	 "source": "33", 
	 "target": "34", 
	 "label": "Add_requirement" 
},{
	 "source": "33", 
	 "target": "8", 
	 "label": "Add_src" 
},{
	 "source": "33", 
	 "target": "2", 
	 "label": "Add_tgt" 
},{
	 "source": "36", 
	 "target": "37", 
	 "label": "Add_port" 
},{
	 "source": "36", 
	 "target": "38", 
	 "label": "Add_requirement" 
},{
	 "source": "36", 
	 "target": "39", 
	 "label": "Add_swimplementation" 
},{
	 "source": "39", 
	 "target": "36", 
	 "label": "Add_component" 
},{
	 "source": "46", 
	 "target": "47", 
	 "label": "Add_requirement" 
},{
	 "source": "46", 
	 "target": "43", 
	 "label": "Add_src" 
},{
	 "source": "46", 
	 "target": "31", 
	 "label": "Add_tgt" 
},{
	 "source": "49", 
	 "target": "50", 
	 "label": "Add_component" 
},{
	 "source": "49", 
	 "target": "51", 
	 "label": "Add_package" 
},{
	 "source": "49", 
	 "target": "52", 
	 "label": "Add_package" 
},{
	 "source": "49", 
	 "target": "53", 
	 "label": "Add_requirement" 
},{
	 "source": "49", 
	 "target": "54", 
	 "label": "Add_swimplementation" 
},{
	 "source": "50", 
	 "target": "55", 
	 "label": "Add_port" 
},{
	 "source": "50", 
	 "target": "56", 
	 "label": "Add_requirement" 
},{
	 "source": "50", 
	 "target": "54", 
	 "label": "Add_swimplementation" 
},{
	 "source": "51", 
	 "target": "57", 
	 "label": "Add_component" 
},{
	 "source": "57", 
	 "target": "53", 
	 "label": "Add_requirement" 
},{
	 "source": "54", 
	 "target": "50", 
	 "label": "Add_component" 
},{
	 "source": "59", 
	 "target": "60", 
	 "label": "Add_component" 
},{
	 "source": "61", 
	 "target": "62", 
	 "label": "Add_component" 
},{
	 "source": "63", 
	 "target": "64", 
	 "label": "Add_component" 
},{
	 "source": "67", 
	 "target": "68", 
	 "label": "Add_component" 
},{
	 "source": "69", 
	 "target": "66", 
	 "label": "Add_package" 
},{
	 "source": "69", 
	 "target": "67", 
	 "label": "Add_swimplementation" 
},{
	 "source": "68", 
	 "target": "17", 
	 "label": "Add_port" 
},{
	 "source": "68", 
	 "target": "65", 
	 "label": "Add_port" 
},{
	 "source": "68", 
	 "target": "70", 
	 "label": "Remove_swimplementation" 
},{
	 "source": "68", 
	 "target": "67", 
	 "label": "Add_swimplementation" 
},{
	 "source": "70", 
	 "target": "68", 
	 "label": "Remove_component" 
},{
	 "source": "71", 
	 "target": "61", 
	 "label": "Add_swimplementation" 
},{
	 "source": "71", 
	 "target": "63", 
	 "label": "Add_swimplementation" 
},{
	 "source": "72", 
	 "target": "58", 
	 "label": "Add_package" 
},{
	 "source": "72", 
	 "target": "49", 
	 "label": "Add_package" 
},{
	 "source": "72", 
	 "target": "56", 
	 "label": "Add_requirement" 
},{
	 "source": "72", 
	 "target": "59", 
	 "label": "Add_swimplementation" 
},{
	 "source": "60", 
	 "target": "48", 
	 "label": "Add_port" 
},{
	 "source": "60", 
	 "target": "16", 
	 "label": "Add_port" 
},{
	 "source": "60", 
	 "target": "73", 
	 "label": "Remove_swimplementation" 
},{
	 "source": "60", 
	 "target": "59", 
	 "label": "Add_swimplementation" 
},{
	 "source": "73", 
	 "target": "60", 
	 "label": "Remove_component" 
},{
	 "source": "74", 
	 "target": "45", 
	 "label": "Add_package" 
},{
	 "source": "74", 
	 "target": "46", 
	 "label": "Add_connector" 
},{
	 "source": "74", 
	 "target": "47", 
	 "label": "Add_requirement" 
},{
	 "source": "75", 
	 "target": "44", 
	 "label": "Add_port" 
},{
	 "source": "64", 
	 "target": "30", 
	 "label": "Add_port" 
},{
	 "source": "64", 
	 "target": "76", 
	 "label": "Remove_swimplementation" 
},{
	 "source": "64", 
	 "target": "63", 
	 "label": "Add_swimplementation" 
},{
	 "source": "62", 
	 "target": "43", 
	 "label": "Add_port" 
},{
	 "source": "62", 
	 "target": "77", 
	 "label": "Remove_swimplementation" 
},{
	 "source": "62", 
	 "target": "61", 
	 "label": "Add_swimplementation" 
},{
	 "source": "77", 
	 "target": "62", 
	 "label": "Remove_component" 
},{
	 "source": "76", 
	 "target": "64", 
	 "label": "Remove_component" 
},{
	 "source": "78", 
	 "target": "42", 
	 "label": "Add_package" 
},{
	 "source": "79", 
	 "target": "36", 
	 "label": "Add_component" 
},{
	 "source": "79", 
	 "target": "40", 
	 "label": "Add_package" 
},{
	 "source": "79", 
	 "target": "38", 
	 "label": "Add_requirement" 
},{
	 "source": "79", 
	 "target": "39", 
	 "label": "Add_swimplementation" 
},{
	 "source": "79", 
	 "target": "41", 
	 "label": "Add_swimplementation" 
},{
	 "source": "80", 
	 "target": "13", 
	 "label": "Add_port" 
},{
	 "source": "80", 
	 "target": "35", 
	 "label": "Add_port" 
},{
	 "source": "81", 
	 "target": "32", 
	 "label": "Add_package" 
},{
	 "source": "82", 
	 "target": "3", 
	 "label": "Add_component" 
},{
	 "source": "82", 
	 "target": "4", 
	 "label": "Add_requirement" 
},{
	 "source": "82", 
	 "target": "5", 
	 "label": "Add_swimplementation" 
},{
	 "source": "83", 
	 "target": "11", 
	 "label": "Add_connector" 
},{
	 "source": "83", 
	 "target": "12", 
	 "label": "Add_requirement" 
},{
	 "source": "84", 
	 "target": "9", 
	 "label": "Add_swimplementation" 
},{
	 "source": "85", 
	 "target": "7", 
	 "label": "Add_port" 
},{
	 "source": "86", 
	 "target": "8", 
	 "label": "Add_port" 
},{
	 "source": "10", 
	 "target": "6", 
	 "label": "Add_port" 
},{
	 "source": "10", 
	 "target": "87", 
	 "label": "Remove_swimplementation" 
},{
	 "source": "10", 
	 "target": "9", 
	 "label": "Add_swimplementation" 
},{
	 "source": "87", 
	 "target": "10", 
	 "label": "Remove_component" 
},{
	 "source": "88", 
	 "target": "19", 
	 "label": "Add_package" 
},{
	 "source": "88", 
	 "target": "20", 
	 "label": "Add_connector" 
},{
	 "source": "88", 
	 "target": "21", 
	 "label": "Add_requirement" 
},{
	 "source": "88", 
	 "target": "23", 
	 "label": "Add_swimplementation" 
},{
	 "source": "24", 
	 "target": "18", 
	 "label": "Add_port" 
},{
	 "source": "24", 
	 "target": "89", 
	 "label": "Remove_swimplementation" 
},{
	 "source": "24", 
	 "target": "23", 
	 "label": "Add_swimplementation" 
},{
	 "source": "89", 
	 "target": "24", 
	 "label": "Remove_component" 
},{
	 "source": "90", 
	 "target": "14", 
	 "label": "Add_connector" 
},{
	 "source": "90", 
	 "target": "15", 
	 "label": "Add_requirement" 
},{
	 "source": "91", 
	 "target": "28", 
	 "label": "Add_connector" 
},{
	 "source": "91", 
	 "target": "29", 
	 "label": "Add_requirement" 
},{
	 "source": "92", 
	 "target": "25", 
	 "label": "Add_package" 
},{
	 "source": "92", 
	 "target": "27", 
	 "label": "Add_requirement" 
},{
	 "source": "93", 
	 "target": "2", 
	 "label": "Add_port" 
},{
	 "source": "94", 
	 "target": "1", 
	 "label": "Add_port" 
},{
	 "source": "94", 
	 "target": "0", 
	 "label": "Add_port" 
},{
	 "source": "95", 
	 "target": "31", 
	 "label": "Add_port" 
},{
	 "source": "95", 
	 "target": "22", 
	 "label": "Add_port" 
}]}