{"directed": true, "multigraph": false, "graph": {}, 
  "nodes": [{
	 "id": "0", 
	 "label": "Add_Port" 
},{
	 "id": "1", 
	 "label": "Add_Port" 
},{
	 "id": "2", 
	 "label": "Add_Package" 
},{
	 "id": "3", 
	 "label": "Add_Component" 
},{
	 "id": "4", 
	 "label": "Add_Requirement" 
},{
	 "id": "5", 
	 "label": "Add_Component" 
},{
	 "id": "6", 
	 "label": "Add_Requirement" 
},{
	 "id": "7", 
	 "label": "Add_SwImplementation" 
},{
	 "id": "8", 
	 "label": "Add_Connector" 
},{
	 "id": "9", 
	 "label": "Add_Requirement" 
},{
	 "id": "10", 
	 "label": "Add_Port" 
},{
	 "id": "11", 
	 "label": "Add_Port" 
},{
	 "id": "12", 
	 "label": "Add_Package" 
},{
	 "id": "13", 
	 "label": "Add_Component" 
},{
	 "id": "14", 
	 "label": "Add_Requirement" 
},{
	 "id": "15", 
	 "label": "Add_Connector" 
},{
	 "id": "16", 
	 "label": "Add_Requirement" 
},{
	 "id": "17", 
	 "label": "Add_Port" 
},{
	 "id": "18", 
	 "label": "Add_Component" 
},{
	 "id": "19", 
	 "label": "Add_Requirement" 
},{
	 "id": "20", 
	 "label": "Add_SwImplementation" 
},{
	 "id": "21", 
	 "label": "Add_Component" 
},{
	 "id": "22", 
	 "label": "Add_Requirement" 
},{
	 "id": "23", 
	 "label": "Add_SwImplementation" 
},{
	 "id": "24", 
	 "label": "Add_Port" 
},{
	 "id": "25", 
	 "label": "Add_Component" 
},{
	 "id": "26", 
	 "label": "Add_Requirement" 
},{
	 "id": "27", 
	 "label": "Add_SwImplementation" 
},{
	 "id": "28", 
	 "label": "Add_Component" 
},{
	 "id": "29", 
	 "label": "Add_Requirement" 
},{
	 "id": "30", 
	 "label": "Add_SwImplementation" 
},{
	 "id": "31", 
	 "label": "Add_Connector" 
},{
	 "id": "32", 
	 "label": "Add_Requirement" 
},{
	 "id": "33", 
	 "label": "Add_Component" 
},{
	 "id": "34", 
	 "label": "Add_Requirement" 
},{
	 "id": "35", 
	 "label": "Add_SwImplementation" 
},{
	 "id": "36", 
	 "label": "Preserve_Package" 
},{
	 "id": "37", 
	 "label": "Preserve_Component" 
},{
	 "id": "38", 
	 "label": "Preserve_Package" 
},{
	 "id": "39", 
	 "label": "Preserve_Component" 
},{
	 "id": "40", 
	 "label": "Preserve_Component" 
},{
	 "id": "41", 
	 "label": "Preserve_Component" 
},{
	 "id": "42", 
	 "label": "Preserve_Package" 
},{
	 "id": "43", 
	 "label": "Preserve_Package" 
},{
	 "id": "44", 
	 "label": "Preserve_Package" 
},{
	 "id": "45", 
	 "label": "Preserve_Package" 
},{
	 "id": "46", 
	 "label": "Preserve_Package" 
},{
	 "id": "47", 
	 "label": "Preserve_Package" 
},{
	 "id": "48", 
	 "label": "Preserve_Component" 
},{
	 "id": "49", 
	 "label": "Preserve_Package" 
},{
	 "id": "50", 
	 "label": "Preserve_Component" 
},{
	 "id": "51", 
	 "label": "Preserve_Package" 
}], 
 "links": [{
	 "source": "2", 
	 "target": "3", 
	 "label": "Add_component" 
},{
	 "source": "3", 
	 "target": "4", 
	 "label": "Add_requirement" 
},{
	 "source": "5", 
	 "target": "6", 
	 "label": "Add_requirement" 
},{
	 "source": "5", 
	 "target": "7", 
	 "label": "Add_swimplementation" 
},{
	 "source": "8", 
	 "target": "9", 
	 "label": "Add_requirement" 
},{
	 "source": "8", 
	 "target": "10", 
	 "label": "Add_src" 
},{
	 "source": "8", 
	 "target": "11", 
	 "label": "Add_tgt" 
},{
	 "source": "7", 
	 "target": "5", 
	 "label": "Add_component" 
},{
	 "source": "12", 
	 "target": "13", 
	 "label": "Add_component" 
},{
	 "source": "13", 
	 "target": "14", 
	 "label": "Add_requirement" 
},{
	 "source": "15", 
	 "target": "16", 
	 "label": "Add_requirement" 
},{
	 "source": "15", 
	 "target": "17", 
	 "label": "Add_src" 
},{
	 "source": "15", 
	 "target": "1", 
	 "label": "Add_tgt" 
},{
	 "source": "18", 
	 "target": "19", 
	 "label": "Add_requirement" 
},{
	 "source": "18", 
	 "target": "20", 
	 "label": "Add_swimplementation" 
},{
	 "source": "21", 
	 "target": "22", 
	 "label": "Add_requirement" 
},{
	 "source": "21", 
	 "target": "23", 
	 "label": "Add_swimplementation" 
},{
	 "source": "23", 
	 "target": "21", 
	 "label": "Add_component" 
},{
	 "source": "20", 
	 "target": "18", 
	 "label": "Add_component" 
},{
	 "source": "25", 
	 "target": "26", 
	 "label": "Add_requirement" 
},{
	 "source": "25", 
	 "target": "27", 
	 "label": "Add_swimplementation" 
},{
	 "source": "27", 
	 "target": "25", 
	 "label": "Add_component" 
},{
	 "source": "28", 
	 "target": "29", 
	 "label": "Add_requirement" 
},{
	 "source": "28", 
	 "target": "30", 
	 "label": "Add_swimplementation" 
},{
	 "source": "31", 
	 "target": "32", 
	 "label": "Add_requirement" 
},{
	 "source": "31", 
	 "target": "0", 
	 "label": "Add_src" 
},{
	 "source": "31", 
	 "target": "24", 
	 "label": "Add_tgt" 
},{
	 "source": "30", 
	 "target": "28", 
	 "label": "Add_component" 
},{
	 "source": "33", 
	 "target": "34", 
	 "label": "Add_requirement" 
},{
	 "source": "33", 
	 "target": "35", 
	 "label": "Add_swimplementation" 
},{
	 "source": "35", 
	 "target": "33", 
	 "label": "Add_component" 
},{
	 "source": "36", 
	 "target": "28", 
	 "label": "Add_component" 
},{
	 "source": "36", 
	 "target": "31", 
	 "label": "Add_connector" 
},{
	 "source": "36", 
	 "target": "29", 
	 "label": "Add_requirement" 
},{
	 "source": "36", 
	 "target": "32", 
	 "label": "Add_requirement" 
},{
	 "source": "36", 
	 "target": "30", 
	 "label": "Add_swimplementation" 
},{
	 "source": "37", 
	 "target": "17", 
	 "label": "Add_port" 
},{
	 "source": "38", 
	 "target": "25", 
	 "label": "Add_component" 
},{
	 "source": "38", 
	 "target": "26", 
	 "label": "Add_requirement" 
},{
	 "source": "38", 
	 "target": "27", 
	 "label": "Add_swimplementation" 
},{
	 "source": "39", 
	 "target": "10", 
	 "label": "Add_port" 
},{
	 "source": "40", 
	 "target": "24", 
	 "label": "Add_port" 
},{
	 "source": "41", 
	 "target": "11", 
	 "label": "Add_port" 
},{
	 "source": "42", 
	 "target": "15", 
	 "label": "Add_connector" 
},{
	 "source": "42", 
	 "target": "16", 
	 "label": "Add_requirement" 
},{
	 "source": "43", 
	 "target": "18", 
	 "label": "Add_component" 
},{
	 "source": "43", 
	 "target": "19", 
	 "label": "Add_requirement" 
},{
	 "source": "43", 
	 "target": "20", 
	 "label": "Add_swimplementation" 
},{
	 "source": "44", 
	 "target": "21", 
	 "label": "Add_component" 
},{
	 "source": "44", 
	 "target": "22", 
	 "label": "Add_requirement" 
},{
	 "source": "44", 
	 "target": "23", 
	 "label": "Add_swimplementation" 
},{
	 "source": "45", 
	 "target": "2", 
	 "label": "Add_package" 
},{
	 "source": "45", 
	 "target": "4", 
	 "label": "Add_requirement" 
},{
	 "source": "46", 
	 "target": "5", 
	 "label": "Add_component" 
},{
	 "source": "46", 
	 "target": "6", 
	 "label": "Add_requirement" 
},{
	 "source": "46", 
	 "target": "7", 
	 "label": "Add_swimplementation" 
},{
	 "source": "47", 
	 "target": "8", 
	 "label": "Add_connector" 
},{
	 "source": "47", 
	 "target": "9", 
	 "label": "Add_requirement" 
},{
	 "source": "48", 
	 "target": "1", 
	 "label": "Add_port" 
},{
	 "source": "49", 
	 "target": "12", 
	 "label": "Add_package" 
},{
	 "source": "49", 
	 "target": "14", 
	 "label": "Add_requirement" 
},{
	 "source": "50", 
	 "target": "0", 
	 "label": "Add_port" 
},{
	 "source": "51", 
	 "target": "33", 
	 "label": "Add_component" 
},{
	 "source": "51", 
	 "target": "34", 
	 "label": "Add_requirement" 
},{
	 "source": "51", 
	 "target": "35", 
	 "label": "Add_swimplementation" 
}]}