{"directed": true, "multigraph": false, "graph": {}, 
  "nodes": [{
	 "id": "0", 
	 "label": "Add_Port" 
},{
	 "id": "1", 
	 "label": "Add_Port" 
},{
	 "id": "2", 
	 "label": "Add_Component" 
},{
	 "id": "3", 
	 "label": "Add_Requirement" 
},{
	 "id": "4", 
	 "label": "Add_SwImplementation" 
},{
	 "id": "5", 
	 "label": "Add_Port" 
},{
	 "id": "6", 
	 "label": "Add_Port" 
},{
	 "id": "7", 
	 "label": "Add_Port" 
},{
	 "id": "8", 
	 "label": "Add_Port" 
},{
	 "id": "9", 
	 "label": "Add_Port" 
},{
	 "id": "10", 
	 "label": "Add_Component" 
},{
	 "id": "11", 
	 "label": "Add_Requirement" 
},{
	 "id": "12", 
	 "label": "Add_SwImplementation" 
},{
	 "id": "13", 
	 "label": "Add_Port" 
},{
	 "id": "14", 
	 "label": "Add_Port" 
},{
	 "id": "15", 
	 "label": "Add_Port" 
},{
	 "id": "16", 
	 "label": "Add_Connector" 
},{
	 "id": "17", 
	 "label": "Add_Requirement" 
},{
	 "id": "18", 
	 "label": "Add_Port" 
},{
	 "id": "19", 
	 "label": "Add_Port" 
},{
	 "id": "20", 
	 "label": "Add_Component" 
},{
	 "id": "21", 
	 "label": "Add_Requirement" 
},{
	 "id": "22", 
	 "label": "Add_SwImplementation" 
},{
	 "id": "23", 
	 "label": "Add_Port" 
},{
	 "id": "24", 
	 "label": "Add_Connector" 
},{
	 "id": "25", 
	 "label": "Add_Requirement" 
},{
	 "id": "26", 
	 "label": "Add_Package" 
},{
	 "id": "27", 
	 "label": "Add_Component" 
},{
	 "id": "28", 
	 "label": "Add_Requirement" 
},{
	 "id": "29", 
	 "label": "Add_Port" 
},{
	 "id": "30", 
	 "label": "Add_Connector" 
},{
	 "id": "31", 
	 "label": "Add_Requirement" 
},{
	 "id": "32", 
	 "label": "Add_Port" 
},{
	 "id": "33", 
	 "label": "Add_Package" 
},{
	 "id": "34", 
	 "label": "Add_Component" 
},{
	 "id": "35", 
	 "label": "Add_Port" 
},{
	 "id": "36", 
	 "label": "Add_Requirement" 
},{
	 "id": "37", 
	 "label": "Add_Component" 
},{
	 "id": "38", 
	 "label": "Add_Requirement" 
},{
	 "id": "39", 
	 "label": "Add_SwImplementation" 
},{
	 "id": "40", 
	 "label": "Add_Package" 
},{
	 "id": "41", 
	 "label": "Add_Component" 
},{
	 "id": "42", 
	 "label": "Add_Requirement" 
},{
	 "id": "43", 
	 "label": "Add_Port" 
},{
	 "id": "44", 
	 "label": "Add_Component" 
},{
	 "id": "45", 
	 "label": "Add_Requirement" 
},{
	 "id": "46", 
	 "label": "Add_SwImplementation" 
},{
	 "id": "47", 
	 "label": "Add_Component" 
},{
	 "id": "48", 
	 "label": "Add_Requirement" 
},{
	 "id": "49", 
	 "label": "Add_SwImplementation" 
},{
	 "id": "50", 
	 "label": "Add_Connector" 
},{
	 "id": "51", 
	 "label": "Add_Requirement" 
},{
	 "id": "52", 
	 "label": "Add_Port" 
},{
	 "id": "53", 
	 "label": "Add_Package" 
},{
	 "id": "54", 
	 "label": "Add_Component" 
},{
	 "id": "55", 
	 "label": "Add_Requirement" 
},{
	 "id": "56", 
	 "label": "Add_Package" 
},{
	 "id": "57", 
	 "label": "Add_Component" 
},{
	 "id": "58", 
	 "label": "Add_Requirement" 
},{
	 "id": "59", 
	 "label": "Add_Package" 
},{
	 "id": "60", 
	 "label": "Add_Component" 
},{
	 "id": "61", 
	 "label": "Add_Requirement" 
},{
	 "id": "62", 
	 "label": "Add_Port" 
},{
	 "id": "63", 
	 "label": "Add_Connector" 
},{
	 "id": "64", 
	 "label": "Add_Requirement" 
},{
	 "id": "65", 
	 "label": "Add_Port" 
},{
	 "id": "66", 
	 "label": "Add_Package" 
},{
	 "id": "67", 
	 "label": "Add_Component" 
},{
	 "id": "68", 
	 "label": "Add_Requirement" 
},{
	 "id": "69", 
	 "label": "Add_Connector" 
},{
	 "id": "70", 
	 "label": "Add_Requirement" 
},{
	 "id": "71", 
	 "label": "Add_Package" 
},{
	 "id": "72", 
	 "label": "Add_Component" 
},{
	 "id": "73", 
	 "label": "Add_Requirement" 
},{
	 "id": "74", 
	 "label": "Add_Connector" 
},{
	 "id": "75", 
	 "label": "Add_Requirement" 
},{
	 "id": "76", 
	 "label": "Add_Component" 
},{
	 "id": "77", 
	 "label": "Add_Requirement" 
},{
	 "id": "78", 
	 "label": "Add_SwImplementation" 
},{
	 "id": "79", 
	 "label": "Add_Package" 
},{
	 "id": "80", 
	 "label": "Add_Component" 
},{
	 "id": "81", 
	 "label": "Add_Requirement" 
},{
	 "id": "82", 
	 "label": "Add_Connector" 
},{
	 "id": "83", 
	 "label": "Add_Requirement" 
},{
	 "id": "84", 
	 "label": "Add_Component" 
},{
	 "id": "85", 
	 "label": "Add_Requirement" 
},{
	 "id": "86", 
	 "label": "Add_SwImplementation" 
},{
	 "id": "87", 
	 "label": "Add_Connector" 
},{
	 "id": "88", 
	 "label": "Add_Requirement" 
},{
	 "id": "89", 
	 "label": "Add_Component" 
},{
	 "id": "90", 
	 "label": "Add_Requirement" 
},{
	 "id": "91", 
	 "label": "Add_SwImplementation" 
},{
	 "id": "92", 
	 "label": "Add_Component" 
},{
	 "id": "93", 
	 "label": "Add_Requirement" 
},{
	 "id": "94", 
	 "label": "Add_SwImplementation" 
},{
	 "id": "95", 
	 "label": "Add_Package" 
},{
	 "id": "96", 
	 "label": "Add_Component" 
},{
	 "id": "97", 
	 "label": "Add_Requirement" 
},{
	 "id": "98", 
	 "label": "Add_Connector" 
},{
	 "id": "99", 
	 "label": "Add_Requirement" 
},{
	 "id": "100", 
	 "label": "Add_Package" 
},{
	 "id": "101", 
	 "label": "Add_Component" 
},{
	 "id": "102", 
	 "label": "Add_Requirement" 
},{
	 "id": "103", 
	 "label": "Preserve_Package" 
},{
	 "id": "104", 
	 "label": "Preserve_Component" 
},{
	 "id": "105", 
	 "label": "Preserve_Package" 
},{
	 "id": "106", 
	 "label": "Preserve_Package" 
},{
	 "id": "107", 
	 "label": "Preserve_Package" 
},{
	 "id": "108", 
	 "label": "Preserve_Package" 
},{
	 "id": "109", 
	 "label": "Preserve_Package" 
},{
	 "id": "110", 
	 "label": "Preserve_Package" 
},{
	 "id": "111", 
	 "label": "Preserve_Package" 
},{
	 "id": "112", 
	 "label": "Preserve_Package" 
},{
	 "id": "113", 
	 "label": "Preserve_Component" 
},{
	 "id": "114", 
	 "label": "Preserve_Package" 
},{
	 "id": "115", 
	 "label": "Preserve_Package" 
},{
	 "id": "116", 
	 "label": "Preserve_Component" 
},{
	 "id": "117", 
	 "label": "Preserve_Package" 
},{
	 "id": "118", 
	 "label": "Preserve_Package" 
},{
	 "id": "119", 
	 "label": "Preserve_Package" 
},{
	 "id": "120", 
	 "label": "Preserve_Package" 
},{
	 "id": "121", 
	 "label": "Preserve_Package" 
},{
	 "id": "122", 
	 "label": "Preserve_Package" 
},{
	 "id": "123", 
	 "label": "Preserve_Package" 
},{
	 "id": "124", 
	 "label": "Preserve_Package" 
},{
	 "id": "125", 
	 "label": "Preserve_Component" 
},{
	 "id": "126", 
	 "label": "Preserve_Package" 
},{
	 "id": "127", 
	 "label": "Preserve_Package" 
},{
	 "id": "128", 
	 "label": "Preserve_Component" 
},{
	 "id": "129", 
	 "label": "Preserve_Package" 
},{
	 "id": "130", 
	 "label": "Preserve_Package" 
},{
	 "id": "131", 
	 "label": "Preserve_Component" 
},{
	 "id": "132", 
	 "label": "Preserve_Package" 
},{
	 "id": "133", 
	 "label": "Preserve_Package" 
},{
	 "id": "134", 
	 "label": "Preserve_Component" 
},{
	 "id": "135", 
	 "label": "Preserve_Component" 
},{
	 "id": "136", 
	 "label": "Preserve_Component" 
},{
	 "id": "137", 
	 "label": "Preserve_Package" 
},{
	 "id": "138", 
	 "label": "Preserve_Package" 
},{
	 "id": "139", 
	 "label": "Preserve_Component" 
},{
	 "id": "140", 
	 "label": "Preserve_Component" 
},{
	 "id": "141", 
	 "label": "Preserve_Component" 
},{
	 "id": "142", 
	 "label": "Preserve_Component" 
},{
	 "id": "143", 
	 "label": "Preserve_Component" 
},{
	 "id": "144", 
	 "label": "Preserve_Package" 
},{
	 "id": "145", 
	 "label": "Preserve_Component" 
},{
	 "id": "146", 
	 "label": "Preserve_Component" 
},{
	 "id": "147", 
	 "label": "Preserve_Component" 
}], 
 "links": [{
	 "source": "2", 
	 "target": "3", 
	 "label": "Add_requirement" 
},{
	 "source": "2", 
	 "target": "4", 
	 "label": "Add_swimplementation" 
},{
	 "source": "4", 
	 "target": "2", 
	 "label": "Add_component" 
},{
	 "source": "10", 
	 "target": "11", 
	 "label": "Add_requirement" 
},{
	 "source": "10", 
	 "target": "12", 
	 "label": "Add_swimplementation" 
},{
	 "source": "12", 
	 "target": "10", 
	 "label": "Add_component" 
},{
	 "source": "16", 
	 "target": "17", 
	 "label": "Add_requirement" 
},{
	 "source": "16", 
	 "target": "13", 
	 "label": "Add_src" 
},{
	 "source": "16", 
	 "target": "18", 
	 "label": "Add_tgt" 
},{
	 "source": "20", 
	 "target": "21", 
	 "label": "Add_requirement" 
},{
	 "source": "20", 
	 "target": "22", 
	 "label": "Add_swimplementation" 
},{
	 "source": "22", 
	 "target": "20", 
	 "label": "Add_component" 
},{
	 "source": "24", 
	 "target": "25", 
	 "label": "Add_requirement" 
},{
	 "source": "24", 
	 "target": "8", 
	 "label": "Add_src" 
},{
	 "source": "24", 
	 "target": "15", 
	 "label": "Add_tgt" 
},{
	 "source": "26", 
	 "target": "27", 
	 "label": "Add_component" 
},{
	 "source": "27", 
	 "target": "28", 
	 "label": "Add_requirement" 
},{
	 "source": "30", 
	 "target": "31", 
	 "label": "Add_requirement" 
},{
	 "source": "30", 
	 "target": "32", 
	 "label": "Add_src" 
},{
	 "source": "30", 
	 "target": "9", 
	 "label": "Add_tgt" 
},{
	 "source": "33", 
	 "target": "34", 
	 "label": "Add_component" 
},{
	 "source": "34", 
	 "target": "35", 
	 "label": "Add_port" 
},{
	 "source": "34", 
	 "target": "36", 
	 "label": "Add_requirement" 
},{
	 "source": "37", 
	 "target": "38", 
	 "label": "Add_requirement" 
},{
	 "source": "37", 
	 "target": "39", 
	 "label": "Add_swimplementation" 
},{
	 "source": "40", 
	 "target": "41", 
	 "label": "Add_component" 
},{
	 "source": "41", 
	 "target": "42", 
	 "label": "Add_requirement" 
},{
	 "source": "39", 
	 "target": "37", 
	 "label": "Add_component" 
},{
	 "source": "44", 
	 "target": "45", 
	 "label": "Add_requirement" 
},{
	 "source": "44", 
	 "target": "46", 
	 "label": "Add_swimplementation" 
},{
	 "source": "46", 
	 "target": "44", 
	 "label": "Add_component" 
},{
	 "source": "47", 
	 "target": "48", 
	 "label": "Add_requirement" 
},{
	 "source": "47", 
	 "target": "49", 
	 "label": "Add_swimplementation" 
},{
	 "source": "50", 
	 "target": "51", 
	 "label": "Add_requirement" 
},{
	 "source": "50", 
	 "target": "52", 
	 "label": "Add_src" 
},{
	 "source": "50", 
	 "target": "6", 
	 "label": "Add_tgt" 
},{
	 "source": "53", 
	 "target": "54", 
	 "label": "Add_component" 
},{
	 "source": "54", 
	 "target": "55", 
	 "label": "Add_requirement" 
},{
	 "source": "56", 
	 "target": "57", 
	 "label": "Add_component" 
},{
	 "source": "57", 
	 "target": "58", 
	 "label": "Add_requirement" 
},{
	 "source": "49", 
	 "target": "47", 
	 "label": "Add_component" 
},{
	 "source": "59", 
	 "target": "60", 
	 "label": "Add_component" 
},{
	 "source": "60", 
	 "target": "61", 
	 "label": "Add_requirement" 
},{
	 "source": "63", 
	 "target": "64", 
	 "label": "Add_requirement" 
},{
	 "source": "63", 
	 "target": "65", 
	 "label": "Add_src" 
},{
	 "source": "63", 
	 "target": "0", 
	 "label": "Add_tgt" 
},{
	 "source": "66", 
	 "target": "67", 
	 "label": "Add_component" 
},{
	 "source": "67", 
	 "target": "68", 
	 "label": "Add_requirement" 
},{
	 "source": "69", 
	 "target": "70", 
	 "label": "Add_requirement" 
},{
	 "source": "69", 
	 "target": "29", 
	 "label": "Add_src" 
},{
	 "source": "69", 
	 "target": "43", 
	 "label": "Add_tgt" 
},{
	 "source": "71", 
	 "target": "72", 
	 "label": "Add_component" 
},{
	 "source": "72", 
	 "target": "73", 
	 "label": "Add_requirement" 
},{
	 "source": "74", 
	 "target": "75", 
	 "label": "Add_requirement" 
},{
	 "source": "74", 
	 "target": "23", 
	 "label": "Add_src" 
},{
	 "source": "74", 
	 "target": "1", 
	 "label": "Add_tgt" 
},{
	 "source": "76", 
	 "target": "77", 
	 "label": "Add_requirement" 
},{
	 "source": "76", 
	 "target": "78", 
	 "label": "Add_swimplementation" 
},{
	 "source": "78", 
	 "target": "76", 
	 "label": "Add_component" 
},{
	 "source": "79", 
	 "target": "80", 
	 "label": "Add_component" 
},{
	 "source": "80", 
	 "target": "81", 
	 "label": "Add_requirement" 
},{
	 "source": "82", 
	 "target": "83", 
	 "label": "Add_requirement" 
},{
	 "source": "82", 
	 "target": "5", 
	 "label": "Add_src" 
},{
	 "source": "82", 
	 "target": "19", 
	 "label": "Add_tgt" 
},{
	 "source": "84", 
	 "target": "85", 
	 "label": "Add_requirement" 
},{
	 "source": "84", 
	 "target": "86", 
	 "label": "Add_swimplementation" 
},{
	 "source": "86", 
	 "target": "84", 
	 "label": "Add_component" 
},{
	 "source": "87", 
	 "target": "88", 
	 "label": "Add_requirement" 
},{
	 "source": "87", 
	 "target": "62", 
	 "label": "Add_src" 
},{
	 "source": "87", 
	 "target": "14", 
	 "label": "Add_tgt" 
},{
	 "source": "89", 
	 "target": "90", 
	 "label": "Add_requirement" 
},{
	 "source": "89", 
	 "target": "91", 
	 "label": "Add_swimplementation" 
},{
	 "source": "91", 
	 "target": "89", 
	 "label": "Add_component" 
},{
	 "source": "92", 
	 "target": "93", 
	 "label": "Add_requirement" 
},{
	 "source": "92", 
	 "target": "94", 
	 "label": "Add_swimplementation" 
},{
	 "source": "94", 
	 "target": "92", 
	 "label": "Add_component" 
},{
	 "source": "95", 
	 "target": "96", 
	 "label": "Add_component" 
},{
	 "source": "96", 
	 "target": "97", 
	 "label": "Add_requirement" 
},{
	 "source": "98", 
	 "target": "99", 
	 "label": "Add_requirement" 
},{
	 "source": "98", 
	 "target": "7", 
	 "label": "Add_src" 
},{
	 "source": "98", 
	 "target": "35", 
	 "label": "Add_tgt" 
},{
	 "source": "100", 
	 "target": "101", 
	 "label": "Add_component" 
},{
	 "source": "101", 
	 "target": "102", 
	 "label": "Add_requirement" 
},{
	 "source": "103", 
	 "target": "100", 
	 "label": "Add_package" 
},{
	 "source": "103", 
	 "target": "102", 
	 "label": "Add_requirement" 
},{
	 "source": "104", 
	 "target": "32", 
	 "label": "Add_port" 
},{
	 "source": "105", 
	 "target": "92", 
	 "label": "Add_component" 
},{
	 "source": "105", 
	 "target": "93", 
	 "label": "Add_requirement" 
},{
	 "source": "105", 
	 "target": "94", 
	 "label": "Add_swimplementation" 
},{
	 "source": "106", 
	 "target": "95", 
	 "label": "Add_package" 
},{
	 "source": "106", 
	 "target": "98", 
	 "label": "Add_connector" 
},{
	 "source": "106", 
	 "target": "97", 
	 "label": "Add_requirement" 
},{
	 "source": "106", 
	 "target": "99", 
	 "label": "Add_requirement" 
},{
	 "source": "107", 
	 "target": "87", 
	 "label": "Add_connector" 
},{
	 "source": "107", 
	 "target": "88", 
	 "label": "Add_requirement" 
},{
	 "source": "108", 
	 "target": "84", 
	 "label": "Add_component" 
},{
	 "source": "108", 
	 "target": "85", 
	 "label": "Add_requirement" 
},{
	 "source": "108", 
	 "target": "86", 
	 "label": "Add_swimplementation" 
},{
	 "source": "109", 
	 "target": "82", 
	 "label": "Add_connector" 
},{
	 "source": "109", 
	 "target": "83", 
	 "label": "Add_requirement" 
},{
	 "source": "110", 
	 "target": "79", 
	 "label": "Add_package" 
},{
	 "source": "110", 
	 "target": "81", 
	 "label": "Add_requirement" 
},{
	 "source": "111", 
	 "target": "89", 
	 "label": "Add_component" 
},{
	 "source": "111", 
	 "target": "90", 
	 "label": "Add_requirement" 
},{
	 "source": "111", 
	 "target": "91", 
	 "label": "Add_swimplementation" 
},{
	 "source": "112", 
	 "target": "71", 
	 "label": "Add_package" 
},{
	 "source": "112", 
	 "target": "74", 
	 "label": "Add_connector" 
},{
	 "source": "112", 
	 "target": "73", 
	 "label": "Add_requirement" 
},{
	 "source": "112", 
	 "target": "75", 
	 "label": "Add_requirement" 
},{
	 "source": "113", 
	 "target": "65", 
	 "label": "Add_port" 
},{
	 "source": "114", 
	 "target": "66", 
	 "label": "Add_package" 
},{
	 "source": "114", 
	 "target": "68", 
	 "label": "Add_requirement" 
},{
	 "source": "115", 
	 "target": "63", 
	 "label": "Add_connector" 
},{
	 "source": "115", 
	 "target": "64", 
	 "label": "Add_requirement" 
},{
	 "source": "116", 
	 "target": "52", 
	 "label": "Add_port" 
},{
	 "source": "117", 
	 "target": "69", 
	 "label": "Add_connector" 
},{
	 "source": "117", 
	 "target": "70", 
	 "label": "Add_requirement" 
},{
	 "source": "118", 
	 "target": "76", 
	 "label": "Add_component" 
},{
	 "source": "118", 
	 "target": "77", 
	 "label": "Add_requirement" 
},{
	 "source": "118", 
	 "target": "78", 
	 "label": "Add_swimplementation" 
},{
	 "source": "119", 
	 "target": "59", 
	 "label": "Add_package" 
},{
	 "source": "119", 
	 "target": "61", 
	 "label": "Add_requirement" 
},{
	 "source": "120", 
	 "target": "47", 
	 "label": "Add_component" 
},{
	 "source": "120", 
	 "target": "48", 
	 "label": "Add_requirement" 
},{
	 "source": "120", 
	 "target": "49", 
	 "label": "Add_swimplementation" 
},{
	 "source": "121", 
	 "target": "56", 
	 "label": "Add_package" 
},{
	 "source": "121", 
	 "target": "58", 
	 "label": "Add_requirement" 
},{
	 "source": "122", 
	 "target": "53", 
	 "label": "Add_package" 
},{
	 "source": "122", 
	 "target": "55", 
	 "label": "Add_requirement" 
},{
	 "source": "123", 
	 "target": "50", 
	 "label": "Add_connector" 
},{
	 "source": "123", 
	 "target": "51", 
	 "label": "Add_requirement" 
},{
	 "source": "124", 
	 "target": "44", 
	 "label": "Add_component" 
},{
	 "source": "124", 
	 "target": "45", 
	 "label": "Add_requirement" 
},{
	 "source": "124", 
	 "target": "46", 
	 "label": "Add_swimplementation" 
},{
	 "source": "125", 
	 "target": "43", 
	 "label": "Add_port" 
},{
	 "source": "126", 
	 "target": "37", 
	 "label": "Add_component" 
},{
	 "source": "126", 
	 "target": "40", 
	 "label": "Add_package" 
},{
	 "source": "126", 
	 "target": "38", 
	 "label": "Add_requirement" 
},{
	 "source": "126", 
	 "target": "42", 
	 "label": "Add_requirement" 
},{
	 "source": "126", 
	 "target": "39", 
	 "label": "Add_swimplementation" 
},{
	 "source": "127", 
	 "target": "30", 
	 "label": "Add_connector" 
},{
	 "source": "127", 
	 "target": "31", 
	 "label": "Add_requirement" 
},{
	 "source": "128", 
	 "target": "29", 
	 "label": "Add_port" 
},{
	 "source": "129", 
	 "target": "26", 
	 "label": "Add_package" 
},{
	 "source": "129", 
	 "target": "28", 
	 "label": "Add_requirement" 
},{
	 "source": "130", 
	 "target": "24", 
	 "label": "Add_connector" 
},{
	 "source": "130", 
	 "target": "25", 
	 "label": "Add_requirement" 
},{
	 "source": "131", 
	 "target": "23", 
	 "label": "Add_port" 
},{
	 "source": "132", 
	 "target": "33", 
	 "label": "Add_package" 
},{
	 "source": "132", 
	 "target": "36", 
	 "label": "Add_requirement" 
},{
	 "source": "133", 
	 "target": "20", 
	 "label": "Add_component" 
},{
	 "source": "133", 
	 "target": "21", 
	 "label": "Add_requirement" 
},{
	 "source": "133", 
	 "target": "22", 
	 "label": "Add_swimplementation" 
},{
	 "source": "134", 
	 "target": "18", 
	 "label": "Add_port" 
},{
	 "source": "135", 
	 "target": "19", 
	 "label": "Add_port" 
},{
	 "source": "136", 
	 "target": "14", 
	 "label": "Add_port" 
},{
	 "source": "136", 
	 "target": "15", 
	 "label": "Add_port" 
},{
	 "source": "137", 
	 "target": "16", 
	 "label": "Add_connector" 
},{
	 "source": "137", 
	 "target": "17", 
	 "label": "Add_requirement" 
},{
	 "source": "138", 
	 "target": "10", 
	 "label": "Add_component" 
},{
	 "source": "138", 
	 "target": "11", 
	 "label": "Add_requirement" 
},{
	 "source": "138", 
	 "target": "12", 
	 "label": "Add_swimplementation" 
},{
	 "source": "139", 
	 "target": "13", 
	 "label": "Add_port" 
},{
	 "source": "140", 
	 "target": "9", 
	 "label": "Add_port" 
},{
	 "source": "141", 
	 "target": "7", 
	 "label": "Add_port" 
},{
	 "source": "142", 
	 "target": "5", 
	 "label": "Add_port" 
},{
	 "source": "142", 
	 "target": "6", 
	 "label": "Add_port" 
},{
	 "source": "143", 
	 "target": "8", 
	 "label": "Add_port" 
},{
	 "source": "144", 
	 "target": "2", 
	 "label": "Add_component" 
},{
	 "source": "144", 
	 "target": "3", 
	 "label": "Add_requirement" 
},{
	 "source": "144", 
	 "target": "4", 
	 "label": "Add_swimplementation" 
},{
	 "source": "145", 
	 "target": "1", 
	 "label": "Add_port" 
},{
	 "source": "146", 
	 "target": "0", 
	 "label": "Add_port" 
},{
	 "source": "147", 
	 "target": "62", 
	 "label": "Add_port" 
}]}