{"directed": true, "multigraph": false, "graph": {}, 
  "nodes": [{
	 "id": "0", 
	 "label": "Add_Port" 
},{
	 "id": "1", 
	 "label": "Add_Port" 
},{
	 "id": "2", 
	 "label": "Add_Package" 
},{
	 "id": "3", 
	 "label": "Add_Connector" 
},{
	 "id": "4", 
	 "label": "Add_Requirement" 
},{
	 "id": "5", 
	 "label": "Add_Port" 
},{
	 "id": "6", 
	 "label": "Add_Port" 
},{
	 "id": "7", 
	 "label": "Add_Package" 
},{
	 "id": "8", 
	 "label": "Add_Component" 
},{
	 "id": "9", 
	 "label": "Add_Requirement" 
},{
	 "id": "10", 
	 "label": "Add_Port" 
},{
	 "id": "11", 
	 "label": "Add_SwImplementation" 
},{
	 "id": "12", 
	 "label": "Preserve_Component" 
},{
	 "id": "13", 
	 "label": "Add_Component" 
},{
	 "id": "14", 
	 "label": "Add_Port" 
},{
	 "id": "15", 
	 "label": "Add_Requirement" 
},{
	 "id": "16", 
	 "label": "Add_SwImplementation" 
},{
	 "id": "17", 
	 "label": "Add_Package" 
},{
	 "id": "18", 
	 "label": "Add_SwImplementation" 
},{
	 "id": "19", 
	 "label": "Add_Component" 
},{
	 "id": "20", 
	 "label": "Add_Port" 
},{
	 "id": "21", 
	 "label": "Add_Requirement" 
},{
	 "id": "22", 
	 "label": "Add_SwImplementation" 
},{
	 "id": "23", 
	 "label": "Add_Package" 
},{
	 "id": "24", 
	 "label": "Add_SwImplementation" 
},{
	 "id": "25", 
	 "label": "Add_Component" 
},{
	 "id": "26", 
	 "label": "Add_Port" 
},{
	 "id": "27", 
	 "label": "Add_Requirement" 
},{
	 "id": "28", 
	 "label": "Add_SwImplementation" 
},{
	 "id": "29", 
	 "label": "Add_Port" 
},{
	 "id": "30", 
	 "label": "Add_SwImplementation" 
},{
	 "id": "31", 
	 "label": "Preserve_Component" 
},{
	 "id": "32", 
	 "label": "Add_Connector" 
},{
	 "id": "33", 
	 "label": "Add_Requirement" 
},{
	 "id": "34", 
	 "label": "Add_Port" 
},{
	 "id": "35", 
	 "label": "Add_Package" 
},{
	 "id": "36", 
	 "label": "Add_SwImplementation" 
},{
	 "id": "37", 
	 "label": "Preserve_Component" 
},{
	 "id": "38", 
	 "label": "Add_Port" 
},{
	 "id": "39", 
	 "label": "Add_Component" 
},{
	 "id": "40", 
	 "label": "Add_Requirement" 
},{
	 "id": "41", 
	 "label": "Add_SwImplementation" 
},{
	 "id": "42", 
	 "label": "Add_Package" 
},{
	 "id": "43", 
	 "label": "Add_SwImplementation" 
},{
	 "id": "44", 
	 "label": "Preserve_Component" 
},{
	 "id": "45", 
	 "label": "Add_Port" 
},{
	 "id": "46", 
	 "label": "Add_Port" 
},{
	 "id": "47", 
	 "label": "Add_Package" 
},{
	 "id": "48", 
	 "label": "Add_Component" 
},{
	 "id": "49", 
	 "label": "Add_Port" 
},{
	 "id": "50", 
	 "label": "Add_Requirement" 
},{
	 "id": "51", 
	 "label": "Add_SwImplementation" 
},{
	 "id": "52", 
	 "label": "Add_Package" 
},{
	 "id": "53", 
	 "label": "Add_SwImplementation" 
},{
	 "id": "54", 
	 "label": "Preserve_Component" 
},{
	 "id": "55", 
	 "label": "Add_Port" 
},{
	 "id": "56", 
	 "label": "Add_Port" 
},{
	 "id": "57", 
	 "label": "Add_Port" 
},{
	 "id": "58", 
	 "label": "Add_Connector" 
},{
	 "id": "59", 
	 "label": "Add_Requirement" 
},{
	 "id": "60", 
	 "label": "Add_Port" 
},{
	 "id": "61", 
	 "label": "Add_Port" 
},{
	 "id": "62", 
	 "label": "Add_Package" 
},{
	 "id": "63", 
	 "label": "Add_SwImplementation" 
},{
	 "id": "64", 
	 "label": "Preserve_Component" 
},{
	 "id": "65", 
	 "label": "Add_Port" 
},{
	 "id": "66", 
	 "label": "Add_SwImplementation" 
},{
	 "id": "67", 
	 "label": "Preserve_Component" 
},{
	 "id": "68", 
	 "label": "Add_Connector" 
},{
	 "id": "69", 
	 "label": "Add_Requirement" 
},{
	 "id": "70", 
	 "label": "Add_Port" 
},{
	 "id": "71", 
	 "label": "Add_Port" 
},{
	 "id": "72", 
	 "label": "Add_Package" 
},{
	 "id": "73", 
	 "label": "Add_Component" 
},{
	 "id": "74", 
	 "label": "Add_Requirement" 
},{
	 "id": "75", 
	 "label": "Add_Connector" 
},{
	 "id": "76", 
	 "label": "Add_Requirement" 
},{
	 "id": "77", 
	 "label": "Add_Port" 
},{
	 "id": "78", 
	 "label": "Add_Port" 
},{
	 "id": "79", 
	 "label": "Add_Component" 
},{
	 "id": "80", 
	 "label": "Add_Port" 
},{
	 "id": "81", 
	 "label": "Add_Requirement" 
},{
	 "id": "82", 
	 "label": "Add_SwImplementation" 
},{
	 "id": "83", 
	 "label": "Add_Package" 
},{
	 "id": "84", 
	 "label": "Add_SwImplementation" 
},{
	 "id": "85", 
	 "label": "Add_Port" 
},{
	 "id": "86", 
	 "label": "Add_Component" 
},{
	 "id": "87", 
	 "label": "Add_Requirement" 
},{
	 "id": "88", 
	 "label": "Add_SwImplementation" 
},{
	 "id": "89", 
	 "label": "Add_Package" 
},{
	 "id": "90", 
	 "label": "Add_SwImplementation" 
},{
	 "id": "91", 
	 "label": "Add_Port" 
},{
	 "id": "92", 
	 "label": "Add_Component" 
},{
	 "id": "93", 
	 "label": "Add_Requirement" 
},{
	 "id": "94", 
	 "label": "Add_SwImplementation" 
},{
	 "id": "95", 
	 "label": "Add_Port" 
},{
	 "id": "96", 
	 "label": "Add_Port" 
},{
	 "id": "97", 
	 "label": "Add_Package" 
},{
	 "id": "98", 
	 "label": "Add_Port" 
},{
	 "id": "99", 
	 "label": "Add_Component" 
},{
	 "id": "100", 
	 "label": "Add_Requirement" 
},{
	 "id": "101", 
	 "label": "Add_SwImplementation" 
},{
	 "id": "102", 
	 "label": "Add_Component" 
},{
	 "id": "103", 
	 "label": "Add_Port" 
},{
	 "id": "104", 
	 "label": "Add_Requirement" 
},{
	 "id": "105", 
	 "label": "Add_SwImplementation" 
},{
	 "id": "106", 
	 "label": "Add_Package" 
},{
	 "id": "107", 
	 "label": "Add_SwImplementation" 
},{
	 "id": "108", 
	 "label": "Add_Package" 
},{
	 "id": "109", 
	 "label": "Add_SwImplementation" 
},{
	 "id": "110", 
	 "label": "Add_Connector" 
},{
	 "id": "111", 
	 "label": "Add_Requirement" 
},{
	 "id": "112", 
	 "label": "Add_Port" 
},{
	 "id": "113", 
	 "label": "Add_Connector" 
},{
	 "id": "114", 
	 "label": "Add_Requirement" 
},{
	 "id": "115", 
	 "label": "Add_Port" 
},{
	 "id": "116", 
	 "label": "Add_Port" 
},{
	 "id": "117", 
	 "label": "Add_SwImplementation" 
},{
	 "id": "118", 
	 "label": "Preserve_Component" 
},{
	 "id": "119", 
	 "label": "Add_Package" 
},{
	 "id": "120", 
	 "label": "Add_SwImplementation" 
},{
	 "id": "121", 
	 "label": "Add_Component" 
},{
	 "id": "122", 
	 "label": "Add_Port" 
},{
	 "id": "123", 
	 "label": "Add_Requirement" 
},{
	 "id": "124", 
	 "label": "Add_SwImplementation" 
},{
	 "id": "125", 
	 "label": "Add_Port" 
},{
	 "id": "126", 
	 "label": "Add_Package" 
},{
	 "id": "127", 
	 "label": "Add_Component" 
},{
	 "id": "128", 
	 "label": "Add_Requirement" 
},{
	 "id": "129", 
	 "label": "Add_Package" 
},{
	 "id": "130", 
	 "label": "Add_SwImplementation" 
},{
	 "id": "131", 
	 "label": "Preserve_Component" 
},{
	 "id": "132", 
	 "label": "Add_Package" 
},{
	 "id": "133", 
	 "label": "Add_SwImplementation" 
},{
	 "id": "134", 
	 "label": "Add_Port" 
},{
	 "id": "135", 
	 "label": "Add_SwImplementation" 
},{
	 "id": "136", 
	 "label": "Preserve_Component" 
},{
	 "id": "137", 
	 "label": "Add_Connector" 
},{
	 "id": "138", 
	 "label": "Add_Requirement" 
},{
	 "id": "139", 
	 "label": "Add_Port" 
},{
	 "id": "140", 
	 "label": "Add_Port" 
},{
	 "id": "141", 
	 "label": "Add_Connector" 
},{
	 "id": "142", 
	 "label": "Add_Requirement" 
},{
	 "id": "143", 
	 "label": "Add_Port" 
},{
	 "id": "144", 
	 "label": "Add_SwImplementation" 
},{
	 "id": "145", 
	 "label": "Preserve_Component" 
},{
	 "id": "146", 
	 "label": "Add_Port" 
},{
	 "id": "147", 
	 "label": "Add_Port" 
},{
	 "id": "148", 
	 "label": "Add_Package" 
},{
	 "id": "149", 
	 "label": "Add_SwImplementation" 
},{
	 "id": "150", 
	 "label": "Preserve_Component" 
},{
	 "id": "151", 
	 "label": "Add_Port" 
},{
	 "id": "152", 
	 "label": "Add_Port" 
},{
	 "id": "153", 
	 "label": "Add_Package" 
},{
	 "id": "154", 
	 "label": "Add_SwImplementation" 
},{
	 "id": "155", 
	 "label": "Preserve_Component" 
},{
	 "id": "156", 
	 "label": "Add_SwImplementation" 
},{
	 "id": "157", 
	 "label": "Preserve_Component" 
},{
	 "id": "158", 
	 "label": "Add_Port" 
},{
	 "id": "159", 
	 "label": "Add_Port" 
},{
	 "id": "160", 
	 "label": "Add_Port" 
},{
	 "id": "161", 
	 "label": "Add_Package" 
},{
	 "id": "162", 
	 "label": "Add_Connector" 
},{
	 "id": "163", 
	 "label": "Add_Requirement" 
},{
	 "id": "164", 
	 "label": "Add_Port" 
},{
	 "id": "165", 
	 "label": "Add_Port" 
},{
	 "id": "166", 
	 "label": "Add_Package" 
},{
	 "id": "167", 
	 "label": "Add_Connector" 
},{
	 "id": "168", 
	 "label": "Add_Requirement" 
},{
	 "id": "169", 
	 "label": "Add_Port" 
},{
	 "id": "170", 
	 "label": "Add_Port" 
},{
	 "id": "171", 
	 "label": "Add_Port" 
},{
	 "id": "172", 
	 "label": "Add_Port" 
},{
	 "id": "173", 
	 "label": "Add_Package" 
},{
	 "id": "174", 
	 "label": "Add_SwImplementation" 
},{
	 "id": "175", 
	 "label": "Preserve_Component" 
},{
	 "id": "176", 
	 "label": "Add_Package" 
},{
	 "id": "177", 
	 "label": "Add_Port" 
},{
	 "id": "178", 
	 "label": "Add_Package" 
},{
	 "id": "179", 
	 "label": "Add_Port" 
},{
	 "id": "180", 
	 "label": "Add_Package" 
},{
	 "id": "181", 
	 "label": "Add_Component" 
},{
	 "id": "182", 
	 "label": "Add_Requirement" 
},{
	 "id": "183", 
	 "label": "Add_Package" 
},{
	 "id": "184", 
	 "label": "Add_SwImplementation" 
},{
	 "id": "185", 
	 "label": "Preserve_Component" 
},{
	 "id": "186", 
	 "label": "Add_Port" 
},{
	 "id": "187", 
	 "label": "Add_Component" 
},{
	 "id": "188", 
	 "label": "Add_Requirement" 
},{
	 "id": "189", 
	 "label": "Add_SwImplementation" 
},{
	 "id": "190", 
	 "label": "Add_Package" 
},{
	 "id": "191", 
	 "label": "Add_SwImplementation" 
},{
	 "id": "192", 
	 "label": "Add_Port" 
},{
	 "id": "193", 
	 "label": "Add_Port" 
},{
	 "id": "194", 
	 "label": "Add_Component" 
},{
	 "id": "195", 
	 "label": "Add_Requirement" 
},{
	 "id": "196", 
	 "label": "Add_SwImplementation" 
},{
	 "id": "197", 
	 "label": "Add_Package" 
},{
	 "id": "198", 
	 "label": "Add_SwImplementation" 
},{
	 "id": "199", 
	 "label": "Add_Port" 
},{
	 "id": "200", 
	 "label": "Add_Port" 
},{
	 "id": "201", 
	 "label": "Add_Package" 
},{
	 "id": "202", 
	 "label": "Add_Port" 
},{
	 "id": "203", 
	 "label": "Add_Port" 
},{
	 "id": "204", 
	 "label": "Add_SwImplementation" 
},{
	 "id": "205", 
	 "label": "Preserve_Component" 
},{
	 "id": "206", 
	 "label": "Add_SwImplementation" 
},{
	 "id": "207", 
	 "label": "Preserve_Component" 
},{
	 "id": "208", 
	 "label": "Add_Connector" 
},{
	 "id": "209", 
	 "label": "Add_Requirement" 
},{
	 "id": "210", 
	 "label": "Add_Port" 
},{
	 "id": "211", 
	 "label": "Add_Port" 
},{
	 "id": "212", 
	 "label": "Add_Connector" 
},{
	 "id": "213", 
	 "label": "Add_Requirement" 
},{
	 "id": "214", 
	 "label": "Add_Port" 
},{
	 "id": "215", 
	 "label": "Add_Connector" 
},{
	 "id": "216", 
	 "label": "Add_Requirement" 
},{
	 "id": "217", 
	 "label": "Add_Port" 
},{
	 "id": "218", 
	 "label": "Add_Port" 
},{
	 "id": "219", 
	 "label": "Add_Package" 
},{
	 "id": "220", 
	 "label": "Add_Component" 
},{
	 "id": "221", 
	 "label": "Add_Port" 
},{
	 "id": "222", 
	 "label": "Add_Requirement" 
},{
	 "id": "223", 
	 "label": "Add_SwImplementation" 
},{
	 "id": "224", 
	 "label": "Add_Package" 
},{
	 "id": "225", 
	 "label": "Add_SwImplementation" 
},{
	 "id": "226", 
	 "label": "Add_Package" 
},{
	 "id": "227", 
	 "label": "Add_Component" 
},{
	 "id": "228", 
	 "label": "Add_Requirement" 
},{
	 "id": "229", 
	 "label": "Add_Package" 
},{
	 "id": "230", 
	 "label": "Add_Component" 
},{
	 "id": "231", 
	 "label": "Add_Requirement" 
},{
	 "id": "232", 
	 "label": "Add_Component" 
},{
	 "id": "233", 
	 "label": "Add_Port" 
},{
	 "id": "234", 
	 "label": "Add_Requirement" 
},{
	 "id": "235", 
	 "label": "Add_SwImplementation" 
},{
	 "id": "236", 
	 "label": "Add_Port" 
},{
	 "id": "237", 
	 "label": "Add_Package" 
},{
	 "id": "238", 
	 "label": "Add_Component" 
},{
	 "id": "239", 
	 "label": "Add_Requirement" 
},{
	 "id": "240", 
	 "label": "Add_Package" 
},{
	 "id": "241", 
	 "label": "Add_SwImplementation" 
},{
	 "id": "242", 
	 "label": "Preserve_Component" 
},{
	 "id": "243", 
	 "label": "Add_Package" 
},{
	 "id": "244", 
	 "label": "Add_SwImplementation" 
},{
	 "id": "245", 
	 "label": "Add_Connector" 
},{
	 "id": "246", 
	 "label": "Add_Requirement" 
},{
	 "id": "247", 
	 "label": "Add_SwImplementation" 
},{
	 "id": "248", 
	 "label": "Preserve_Component" 
},{
	 "id": "249", 
	 "label": "Add_Connector" 
},{
	 "id": "250", 
	 "label": "Add_Requirement" 
},{
	 "id": "251", 
	 "label": "Add_Port" 
},{
	 "id": "252", 
	 "label": "Add_Port" 
},{
	 "id": "253", 
	 "label": "Add_Package" 
},{
	 "id": "254", 
	 "label": "Add_Component" 
},{
	 "id": "255", 
	 "label": "Add_Requirement" 
},{
	 "id": "256", 
	 "label": "Add_SwImplementation" 
},{
	 "id": "257", 
	 "label": "Preserve_Component" 
},{
	 "id": "258", 
	 "label": "Add_Port" 
},{
	 "id": "259", 
	 "label": "Add_Package" 
},{
	 "id": "260", 
	 "label": "Add_Port" 
},{
	 "id": "261", 
	 "label": "Add_Package" 
},{
	 "id": "262", 
	 "label": "Add_Component" 
},{
	 "id": "263", 
	 "label": "Add_Port" 
},{
	 "id": "264", 
	 "label": "Add_Port" 
},{
	 "id": "265", 
	 "label": "Add_Requirement" 
},{
	 "id": "266", 
	 "label": "Add_SwImplementation" 
},{
	 "id": "267", 
	 "label": "Add_Package" 
},{
	 "id": "268", 
	 "label": "Add_Package" 
},{
	 "id": "269", 
	 "label": "Add_SwImplementation" 
},{
	 "id": "270", 
	 "label": "Add_SwImplementation" 
},{
	 "id": "271", 
	 "label": "Add_Connector" 
},{
	 "id": "272", 
	 "label": "Add_Requirement" 
},{
	 "id": "273", 
	 "label": "Add_Package" 
},{
	 "id": "274", 
	 "label": "Add_Component" 
},{
	 "id": "275", 
	 "label": "Add_Requirement" 
},{
	 "id": "276", 
	 "label": "Add_Package" 
},{
	 "id": "277", 
	 "label": "Add_Connector" 
},{
	 "id": "278", 
	 "label": "Add_Requirement" 
},{
	 "id": "279", 
	 "label": "Add_SwImplementation" 
},{
	 "id": "280", 
	 "label": "Preserve_Component" 
},{
	 "id": "281", 
	 "label": "Add_Port" 
},{
	 "id": "282", 
	 "label": "Add_Port" 
},{
	 "id": "283", 
	 "label": "Add_Package" 
},{
	 "id": "284", 
	 "label": "Add_Connector" 
},{
	 "id": "285", 
	 "label": "Add_Requirement" 
},{
	 "id": "286", 
	 "label": "Add_Port" 
},{
	 "id": "287", 
	 "label": "Add_Port" 
},{
	 "id": "288", 
	 "label": "Add_Component" 
},{
	 "id": "289", 
	 "label": "Add_Port" 
},{
	 "id": "290", 
	 "label": "Add_Requirement" 
},{
	 "id": "291", 
	 "label": "Add_SwImplementation" 
},{
	 "id": "292", 
	 "label": "Add_Package" 
},{
	 "id": "293", 
	 "label": "Add_Package" 
},{
	 "id": "294", 
	 "label": "Add_SwImplementation" 
},{
	 "id": "295", 
	 "label": "Preserve_Component" 
},{
	 "id": "296", 
	 "label": "Add_Package" 
},{
	 "id": "297", 
	 "label": "Add_Component" 
},{
	 "id": "298", 
	 "label": "Add_Requirement" 
},{
	 "id": "299", 
	 "label": "Add_Package" 
},{
	 "id": "300", 
	 "label": "Add_SwImplementation" 
},{
	 "id": "301", 
	 "label": "Preserve_Component" 
},{
	 "id": "302", 
	 "label": "Add_Port" 
},{
	 "id": "303", 
	 "label": "Add_Package" 
},{
	 "id": "304", 
	 "label": "Add_SwImplementation" 
},{
	 "id": "305", 
	 "label": "Preserve_Component" 
},{
	 "id": "306", 
	 "label": "Add_Port" 
},{
	 "id": "307", 
	 "label": "Add_SwImplementation" 
},{
	 "id": "308", 
	 "label": "Preserve_Component" 
},{
	 "id": "309", 
	 "label": "Add_Component" 
},{
	 "id": "310", 
	 "label": "Add_Port" 
},{
	 "id": "311", 
	 "label": "Add_Requirement" 
},{
	 "id": "312", 
	 "label": "Add_SwImplementation" 
},{
	 "id": "313", 
	 "label": "Add_Package" 
},{
	 "id": "314", 
	 "label": "Add_SwImplementation" 
},{
	 "id": "315", 
	 "label": "Add_Port" 
},{
	 "id": "316", 
	 "label": "Add_Package" 
},{
	 "id": "317", 
	 "label": "Add_Component" 
},{
	 "id": "318", 
	 "label": "Add_Port" 
},{
	 "id": "319", 
	 "label": "Add_Requirement" 
},{
	 "id": "320", 
	 "label": "Add_SwImplementation" 
},{
	 "id": "321", 
	 "label": "Add_Package" 
},{
	 "id": "322", 
	 "label": "Add_SwImplementation" 
},{
	 "id": "323", 
	 "label": "Add_Connector" 
},{
	 "id": "324", 
	 "label": "Add_Requirement" 
},{
	 "id": "325", 
	 "label": "Add_Connector" 
},{
	 "id": "326", 
	 "label": "Add_Requirement" 
},{
	 "id": "327", 
	 "label": "Add_SwImplementation" 
},{
	 "id": "328", 
	 "label": "Preserve_Component" 
},{
	 "id": "329", 
	 "label": "Add_Port" 
},{
	 "id": "330", 
	 "label": "Add_Component" 
},{
	 "id": "331", 
	 "label": "Add_Requirement" 
},{
	 "id": "332", 
	 "label": "Add_SwImplementation" 
},{
	 "id": "333", 
	 "label": "Add_Package" 
},{
	 "id": "334", 
	 "label": "Add_SwImplementation" 
},{
	 "id": "335", 
	 "label": "Add_SwImplementation" 
},{
	 "id": "336", 
	 "label": "Preserve_Component" 
},{
	 "id": "337", 
	 "label": "Preserve_Package" 
},{
	 "id": "338", 
	 "label": "Preserve_Package" 
},{
	 "id": "339", 
	 "label": "Preserve_SwImplementation" 
},{
	 "id": "340", 
	 "label": "Preserve_Package" 
},{
	 "id": "341", 
	 "label": "Preserve_Package" 
},{
	 "id": "342", 
	 "label": "Preserve_Package" 
},{
	 "id": "343", 
	 "label": "Preserve_Component" 
},{
	 "id": "344", 
	 "label": "Preserve_Package" 
},{
	 "id": "345", 
	 "label": "Preserve_Component" 
},{
	 "id": "346", 
	 "label": "Preserve_SwImplementation" 
},{
	 "id": "347", 
	 "label": "Preserve_Package" 
},{
	 "id": "348", 
	 "label": "Preserve_SwImplementation" 
},{
	 "id": "349", 
	 "label": "Preserve_Package" 
},{
	 "id": "350", 
	 "label": "Preserve_Component" 
},{
	 "id": "351", 
	 "label": "Preserve_SwImplementation" 
},{
	 "id": "352", 
	 "label": "Preserve_Package" 
},{
	 "id": "353", 
	 "label": "Preserve_Component" 
},{
	 "id": "354", 
	 "label": "Preserve_Package" 
},{
	 "id": "355", 
	 "label": "Preserve_Package" 
},{
	 "id": "356", 
	 "label": "Preserve_Component" 
},{
	 "id": "357", 
	 "label": "Preserve_Package" 
},{
	 "id": "358", 
	 "label": "Preserve_SwImplementation" 
},{
	 "id": "359", 
	 "label": "Preserve_Component" 
},{
	 "id": "360", 
	 "label": "Preserve_Package" 
},{
	 "id": "361", 
	 "label": "Preserve_Package" 
},{
	 "id": "362", 
	 "label": "Preserve_Package" 
},{
	 "id": "363", 
	 "label": "Preserve_Package" 
},{
	 "id": "364", 
	 "label": "Preserve_Package" 
},{
	 "id": "365", 
	 "label": "Preserve_Component" 
},{
	 "id": "366", 
	 "label": "Preserve_Package" 
},{
	 "id": "367", 
	 "label": "Preserve_Component" 
},{
	 "id": "368", 
	 "label": "Preserve_Package" 
},{
	 "id": "369", 
	 "label": "Preserve_SwImplementation" 
},{
	 "id": "370", 
	 "label": "Preserve_Package" 
},{
	 "id": "371", 
	 "label": "Preserve_Package" 
},{
	 "id": "372", 
	 "label": "Preserve_Package" 
},{
	 "id": "373", 
	 "label": "Preserve_SwImplementation" 
},{
	 "id": "374", 
	 "label": "Preserve_Package" 
},{
	 "id": "375", 
	 "label": "Preserve_Package" 
},{
	 "id": "376", 
	 "label": "Preserve_Package" 
},{
	 "id": "377", 
	 "label": "Preserve_Package" 
},{
	 "id": "378", 
	 "label": "Preserve_Package" 
},{
	 "id": "379", 
	 "label": "Preserve_Package" 
},{
	 "id": "380", 
	 "label": "Preserve_Component" 
},{
	 "id": "381", 
	 "label": "Preserve_Package" 
},{
	 "id": "382", 
	 "label": "Preserve_Package" 
},{
	 "id": "383", 
	 "label": "Preserve_Package" 
},{
	 "id": "384", 
	 "label": "Preserve_SwImplementation" 
},{
	 "id": "385", 
	 "label": "Preserve_Component" 
},{
	 "id": "386", 
	 "label": "Preserve_Package" 
},{
	 "id": "387", 
	 "label": "Preserve_Package" 
},{
	 "id": "388", 
	 "label": "Preserve_Package" 
},{
	 "id": "389", 
	 "label": "Preserve_Component" 
},{
	 "id": "390", 
	 "label": "Preserve_Package" 
},{
	 "id": "391", 
	 "label": "Preserve_Component" 
},{
	 "id": "392", 
	 "label": "Preserve_Component" 
},{
	 "id": "393", 
	 "label": "Preserve_Package" 
},{
	 "id": "394", 
	 "label": "Preserve_Component" 
},{
	 "id": "395", 
	 "label": "Preserve_SwImplementation" 
},{
	 "id": "396", 
	 "label": "Preserve_Package" 
},{
	 "id": "397", 
	 "label": "Preserve_Component" 
},{
	 "id": "398", 
	 "label": "Preserve_Package" 
},{
	 "id": "399", 
	 "label": "Preserve_SwImplementation" 
},{
	 "id": "400", 
	 "label": "Preserve_Package" 
},{
	 "id": "401", 
	 "label": "Preserve_Component" 
},{
	 "id": "402", 
	 "label": "Preserve_Package" 
},{
	 "id": "403", 
	 "label": "Preserve_Package" 
},{
	 "id": "404", 
	 "label": "Preserve_SwImplementation" 
},{
	 "id": "405", 
	 "label": "Preserve_Component" 
},{
	 "id": "406", 
	 "label": "Preserve_Package" 
},{
	 "id": "407", 
	 "label": "Preserve_Package" 
},{
	 "id": "408", 
	 "label": "Preserve_Component" 
},{
	 "id": "409", 
	 "label": "Preserve_Component" 
},{
	 "id": "410", 
	 "label": "Preserve_Package" 
},{
	 "id": "411", 
	 "label": "Preserve_Component" 
},{
	 "id": "412", 
	 "label": "Preserve_Component" 
},{
	 "id": "413", 
	 "label": "Preserve_Component" 
},{
	 "id": "414", 
	 "label": "Preserve_Package" 
},{
	 "id": "415", 
	 "label": "Preserve_Package" 
},{
	 "id": "416", 
	 "label": "Preserve_SwImplementation" 
},{
	 "id": "417", 
	 "label": "Preserve_Package" 
},{
	 "id": "418", 
	 "label": "Preserve_SwImplementation" 
},{
	 "id": "419", 
	 "label": "Preserve_Component" 
},{
	 "id": "420", 
	 "label": "Preserve_SwImplementation" 
},{
	 "id": "421", 
	 "label": "Preserve_Package" 
},{
	 "id": "422", 
	 "label": "Preserve_Package" 
},{
	 "id": "423", 
	 "label": "Preserve_Package" 
},{
	 "id": "424", 
	 "label": "Preserve_Package" 
},{
	 "id": "425", 
	 "label": "Preserve_Package" 
},{
	 "id": "426", 
	 "label": "Preserve_Component" 
},{
	 "id": "427", 
	 "label": "Preserve_SwImplementation" 
},{
	 "id": "428", 
	 "label": "Preserve_Package" 
},{
	 "id": "429", 
	 "label": "Preserve_Package" 
},{
	 "id": "430", 
	 "label": "Preserve_Package" 
},{
	 "id": "431", 
	 "label": "Preserve_SwImplementation" 
},{
	 "id": "432", 
	 "label": "Preserve_Package" 
},{
	 "id": "433", 
	 "label": "Preserve_Component" 
},{
	 "id": "434", 
	 "label": "Preserve_Package" 
},{
	 "id": "435", 
	 "label": "Preserve_Package" 
},{
	 "id": "436", 
	 "label": "Preserve_Component" 
},{
	 "id": "437", 
	 "label": "Preserve_Component" 
},{
	 "id": "438", 
	 "label": "Preserve_Component" 
},{
	 "id": "439", 
	 "label": "Preserve_Package" 
},{
	 "id": "440", 
	 "label": "Preserve_Component" 
},{
	 "id": "441", 
	 "label": "Preserve_Package" 
},{
	 "id": "442", 
	 "label": "Preserve_Package" 
},{
	 "id": "443", 
	 "label": "Preserve_Package" 
},{
	 "id": "444", 
	 "label": "Preserve_Package" 
},{
	 "id": "445", 
	 "label": "Preserve_Package" 
},{
	 "id": "446", 
	 "label": "Preserve_Package" 
},{
	 "id": "447", 
	 "label": "Preserve_SwImplementation" 
},{
	 "id": "448", 
	 "label": "Preserve_Component" 
},{
	 "id": "449", 
	 "label": "Preserve_Package" 
},{
	 "id": "450", 
	 "label": "Preserve_SwImplementation" 
},{
	 "id": "451", 
	 "label": "Preserve_Package" 
},{
	 "id": "452", 
	 "label": "Preserve_Component" 
},{
	 "id": "453", 
	 "label": "Preserve_Package" 
},{
	 "id": "454", 
	 "label": "Preserve_Package" 
},{
	 "id": "455", 
	 "label": "Preserve_Package" 
},{
	 "id": "456", 
	 "label": "Preserve_Package" 
},{
	 "id": "457", 
	 "label": "Preserve_SwImplementation" 
},{
	 "id": "458", 
	 "label": "Preserve_Package" 
},{
	 "id": "459", 
	 "label": "Preserve_Package" 
},{
	 "id": "460", 
	 "label": "Preserve_Package" 
},{
	 "id": "461", 
	 "label": "Preserve_Package" 
},{
	 "id": "462", 
	 "label": "Preserve_Package" 
},{
	 "id": "463", 
	 "label": "Preserve_Package" 
},{
	 "id": "464", 
	 "label": "Preserve_Component" 
},{
	 "id": "465", 
	 "label": "Preserve_Package" 
}], 
 "links": [{
	 "source": "3", 
	 "target": "4", 
	 "label": "Add_requirement" 
},{
	 "source": "3", 
	 "target": "5", 
	 "label": "Add_src" 
},{
	 "source": "3", 
	 "target": "6", 
	 "label": "Add_tgt" 
},{
	 "source": "7", 
	 "target": "8", 
	 "label": "Add_component" 
},{
	 "source": "8", 
	 "target": "9", 
	 "label": "Add_requirement" 
},{
	 "source": "11", 
	 "target": "12", 
	 "label": "Add_component" 
},{
	 "source": "13", 
	 "target": "14", 
	 "label": "Add_port" 
},{
	 "source": "13", 
	 "target": "15", 
	 "label": "Add_requirement" 
},{
	 "source": "13", 
	 "target": "16", 
	 "label": "Add_swimplementation" 
},{
	 "source": "16", 
	 "target": "13", 
	 "label": "Add_component" 
},{
	 "source": "19", 
	 "target": "20", 
	 "label": "Add_port" 
},{
	 "source": "19", 
	 "target": "21", 
	 "label": "Add_requirement" 
},{
	 "source": "19", 
	 "target": "22", 
	 "label": "Add_swimplementation" 
},{
	 "source": "22", 
	 "target": "19", 
	 "label": "Add_component" 
},{
	 "source": "25", 
	 "target": "26", 
	 "label": "Add_port" 
},{
	 "source": "25", 
	 "target": "27", 
	 "label": "Add_requirement" 
},{
	 "source": "25", 
	 "target": "28", 
	 "label": "Add_swimplementation" 
},{
	 "source": "30", 
	 "target": "31", 
	 "label": "Add_component" 
},{
	 "source": "32", 
	 "target": "33", 
	 "label": "Add_requirement" 
},{
	 "source": "32", 
	 "target": "29", 
	 "label": "Add_src" 
},{
	 "source": "32", 
	 "target": "34", 
	 "label": "Add_tgt" 
},{
	 "source": "28", 
	 "target": "25", 
	 "label": "Add_component" 
},{
	 "source": "36", 
	 "target": "37", 
	 "label": "Add_component" 
},{
	 "source": "39", 
	 "target": "40", 
	 "label": "Add_requirement" 
},{
	 "source": "39", 
	 "target": "41", 
	 "label": "Add_swimplementation" 
},{
	 "source": "41", 
	 "target": "39", 
	 "label": "Add_component" 
},{
	 "source": "43", 
	 "target": "44", 
	 "label": "Add_component" 
},{
	 "source": "48", 
	 "target": "49", 
	 "label": "Add_port" 
},{
	 "source": "48", 
	 "target": "50", 
	 "label": "Add_requirement" 
},{
	 "source": "48", 
	 "target": "51", 
	 "label": "Add_swimplementation" 
},{
	 "source": "51", 
	 "target": "48", 
	 "label": "Add_component" 
},{
	 "source": "53", 
	 "target": "54", 
	 "label": "Add_component" 
},{
	 "source": "58", 
	 "target": "59", 
	 "label": "Add_requirement" 
},{
	 "source": "58", 
	 "target": "60", 
	 "label": "Add_src" 
},{
	 "source": "58", 
	 "target": "61", 
	 "label": "Add_tgt" 
},{
	 "source": "63", 
	 "target": "64", 
	 "label": "Add_component" 
},{
	 "source": "66", 
	 "target": "67", 
	 "label": "Add_component" 
},{
	 "source": "68", 
	 "target": "69", 
	 "label": "Add_requirement" 
},{
	 "source": "68", 
	 "target": "70", 
	 "label": "Add_src" 
},{
	 "source": "68", 
	 "target": "71", 
	 "label": "Add_tgt" 
},{
	 "source": "72", 
	 "target": "73", 
	 "label": "Add_component" 
},{
	 "source": "73", 
	 "target": "74", 
	 "label": "Add_requirement" 
},{
	 "source": "75", 
	 "target": "76", 
	 "label": "Add_requirement" 
},{
	 "source": "75", 
	 "target": "77", 
	 "label": "Add_src" 
},{
	 "source": "75", 
	 "target": "78", 
	 "label": "Add_tgt" 
},{
	 "source": "79", 
	 "target": "80", 
	 "label": "Add_port" 
},{
	 "source": "79", 
	 "target": "81", 
	 "label": "Add_requirement" 
},{
	 "source": "79", 
	 "target": "82", 
	 "label": "Add_swimplementation" 
},{
	 "source": "82", 
	 "target": "79", 
	 "label": "Add_component" 
},{
	 "source": "86", 
	 "target": "87", 
	 "label": "Add_requirement" 
},{
	 "source": "86", 
	 "target": "88", 
	 "label": "Add_swimplementation" 
},{
	 "source": "88", 
	 "target": "86", 
	 "label": "Add_component" 
},{
	 "source": "92", 
	 "target": "93", 
	 "label": "Add_requirement" 
},{
	 "source": "92", 
	 "target": "94", 
	 "label": "Add_swimplementation" 
},{
	 "source": "99", 
	 "target": "100", 
	 "label": "Add_requirement" 
},{
	 "source": "99", 
	 "target": "101", 
	 "label": "Add_swimplementation" 
},{
	 "source": "102", 
	 "target": "103", 
	 "label": "Add_port" 
},{
	 "source": "102", 
	 "target": "104", 
	 "label": "Add_requirement" 
},{
	 "source": "102", 
	 "target": "105", 
	 "label": "Add_swimplementation" 
},{
	 "source": "105", 
	 "target": "102", 
	 "label": "Add_component" 
},{
	 "source": "101", 
	 "target": "99", 
	 "label": "Add_component" 
},{
	 "source": "110", 
	 "target": "111", 
	 "label": "Add_requirement" 
},{
	 "source": "110", 
	 "target": "55", 
	 "label": "Add_src" 
},{
	 "source": "110", 
	 "target": "112", 
	 "label": "Add_tgt" 
},{
	 "source": "113", 
	 "target": "114", 
	 "label": "Add_requirement" 
},{
	 "source": "113", 
	 "target": "115", 
	 "label": "Add_src" 
},{
	 "source": "113", 
	 "target": "116", 
	 "label": "Add_tgt" 
},{
	 "source": "117", 
	 "target": "118", 
	 "label": "Add_component" 
},{
	 "source": "94", 
	 "target": "92", 
	 "label": "Add_component" 
},{
	 "source": "121", 
	 "target": "122", 
	 "label": "Add_port" 
},{
	 "source": "121", 
	 "target": "123", 
	 "label": "Add_requirement" 
},{
	 "source": "121", 
	 "target": "124", 
	 "label": "Add_swimplementation" 
},{
	 "source": "126", 
	 "target": "127", 
	 "label": "Add_component" 
},{
	 "source": "127", 
	 "target": "128", 
	 "label": "Add_requirement" 
},{
	 "source": "130", 
	 "target": "131", 
	 "label": "Add_component" 
},{
	 "source": "124", 
	 "target": "121", 
	 "label": "Add_component" 
},{
	 "source": "135", 
	 "target": "136", 
	 "label": "Add_component" 
},{
	 "source": "137", 
	 "target": "138", 
	 "label": "Add_requirement" 
},{
	 "source": "137", 
	 "target": "10", 
	 "label": "Add_src" 
},{
	 "source": "137", 
	 "target": "139", 
	 "label": "Add_tgt" 
},{
	 "source": "141", 
	 "target": "142", 
	 "label": "Add_requirement" 
},{
	 "source": "141", 
	 "target": "0", 
	 "label": "Add_src" 
},{
	 "source": "141", 
	 "target": "143", 
	 "label": "Add_tgt" 
},{
	 "source": "144", 
	 "target": "145", 
	 "label": "Add_component" 
},{
	 "source": "149", 
	 "target": "150", 
	 "label": "Add_component" 
},{
	 "source": "154", 
	 "target": "155", 
	 "label": "Add_component" 
},{
	 "source": "156", 
	 "target": "157", 
	 "label": "Add_component" 
},{
	 "source": "162", 
	 "target": "163", 
	 "label": "Add_requirement" 
},{
	 "source": "162", 
	 "target": "159", 
	 "label": "Add_src" 
},{
	 "source": "162", 
	 "target": "146", 
	 "label": "Add_tgt" 
},{
	 "source": "167", 
	 "target": "168", 
	 "label": "Add_requirement" 
},{
	 "source": "167", 
	 "target": "169", 
	 "label": "Add_src" 
},{
	 "source": "167", 
	 "target": "65", 
	 "label": "Add_tgt" 
},{
	 "source": "174", 
	 "target": "175", 
	 "label": "Add_component" 
},{
	 "source": "180", 
	 "target": "181", 
	 "label": "Add_component" 
},{
	 "source": "181", 
	 "target": "182", 
	 "label": "Add_requirement" 
},{
	 "source": "184", 
	 "target": "185", 
	 "label": "Add_component" 
},{
	 "source": "187", 
	 "target": "188", 
	 "label": "Add_requirement" 
},{
	 "source": "187", 
	 "target": "189", 
	 "label": "Add_swimplementation" 
},{
	 "source": "189", 
	 "target": "187", 
	 "label": "Add_component" 
},{
	 "source": "194", 
	 "target": "195", 
	 "label": "Add_requirement" 
},{
	 "source": "194", 
	 "target": "196", 
	 "label": "Add_swimplementation" 
},{
	 "source": "196", 
	 "target": "194", 
	 "label": "Add_component" 
},{
	 "source": "204", 
	 "target": "205", 
	 "label": "Add_component" 
},{
	 "source": "206", 
	 "target": "207", 
	 "label": "Add_component" 
},{
	 "source": "208", 
	 "target": "209", 
	 "label": "Add_requirement" 
},{
	 "source": "208", 
	 "target": "192", 
	 "label": "Add_src" 
},{
	 "source": "208", 
	 "target": "210", 
	 "label": "Add_tgt" 
},{
	 "source": "212", 
	 "target": "213", 
	 "label": "Add_requirement" 
},{
	 "source": "212", 
	 "target": "214", 
	 "label": "Add_src" 
},{
	 "source": "212", 
	 "target": "170", 
	 "label": "Add_tgt" 
},{
	 "source": "215", 
	 "target": "216", 
	 "label": "Add_requirement" 
},{
	 "source": "215", 
	 "target": "140", 
	 "label": "Add_src" 
},{
	 "source": "215", 
	 "target": "217", 
	 "label": "Add_tgt" 
},{
	 "source": "220", 
	 "target": "221", 
	 "label": "Add_port" 
},{
	 "source": "220", 
	 "target": "222", 
	 "label": "Add_requirement" 
},{
	 "source": "220", 
	 "target": "223", 
	 "label": "Add_swimplementation" 
},{
	 "source": "223", 
	 "target": "220", 
	 "label": "Add_component" 
},{
	 "source": "226", 
	 "target": "227", 
	 "label": "Add_component" 
},{
	 "source": "227", 
	 "target": "228", 
	 "label": "Add_requirement" 
},{
	 "source": "229", 
	 "target": "230", 
	 "label": "Add_component" 
},{
	 "source": "230", 
	 "target": "231", 
	 "label": "Add_requirement" 
},{
	 "source": "232", 
	 "target": "233", 
	 "label": "Add_port" 
},{
	 "source": "232", 
	 "target": "234", 
	 "label": "Add_requirement" 
},{
	 "source": "232", 
	 "target": "235", 
	 "label": "Add_swimplementation" 
},{
	 "source": "237", 
	 "target": "238", 
	 "label": "Add_component" 
},{
	 "source": "238", 
	 "target": "239", 
	 "label": "Add_requirement" 
},{
	 "source": "241", 
	 "target": "242", 
	 "label": "Add_component" 
},{
	 "source": "235", 
	 "target": "232", 
	 "label": "Add_component" 
},{
	 "source": "245", 
	 "target": "246", 
	 "label": "Add_requirement" 
},{
	 "source": "245", 
	 "target": "158", 
	 "label": "Add_src" 
},{
	 "source": "245", 
	 "target": "151", 
	 "label": "Add_tgt" 
},{
	 "source": "247", 
	 "target": "248", 
	 "label": "Add_component" 
},{
	 "source": "249", 
	 "target": "250", 
	 "label": "Add_requirement" 
},{
	 "source": "249", 
	 "target": "251", 
	 "label": "Add_src" 
},{
	 "source": "249", 
	 "target": "252", 
	 "label": "Add_tgt" 
},{
	 "source": "253", 
	 "target": "254", 
	 "label": "Add_component" 
},{
	 "source": "254", 
	 "target": "255", 
	 "label": "Add_requirement" 
},{
	 "source": "256", 
	 "target": "257", 
	 "label": "Add_component" 
},{
	 "source": "262", 
	 "target": "263", 
	 "label": "Add_port" 
},{
	 "source": "262", 
	 "target": "264", 
	 "label": "Add_port" 
},{
	 "source": "262", 
	 "target": "217", 
	 "label": "Add_port" 
},{
	 "source": "262", 
	 "target": "265", 
	 "label": "Add_requirement" 
},{
	 "source": "262", 
	 "target": "266", 
	 "label": "Add_swimplementation" 
},{
	 "source": "266", 
	 "target": "262", 
	 "label": "Add_component" 
},{
	 "source": "271", 
	 "target": "272", 
	 "label": "Add_requirement" 
},{
	 "source": "271", 
	 "target": "199", 
	 "label": "Add_src" 
},{
	 "source": "271", 
	 "target": "134", 
	 "label": "Add_tgt" 
},{
	 "source": "273", 
	 "target": "274", 
	 "label": "Add_component" 
},{
	 "source": "274", 
	 "target": "275", 
	 "label": "Add_requirement" 
},{
	 "source": "276", 
	 "target": "277", 
	 "label": "Add_connector" 
},{
	 "source": "276", 
	 "target": "278", 
	 "label": "Add_requirement" 
},{
	 "source": "277", 
	 "target": "278", 
	 "label": "Add_requirement" 
},{
	 "source": "277", 
	 "target": "56", 
	 "label": "Add_src" 
},{
	 "source": "277", 
	 "target": "164", 
	 "label": "Add_tgt" 
},{
	 "source": "279", 
	 "target": "280", 
	 "label": "Add_component" 
},{
	 "source": "284", 
	 "target": "285", 
	 "label": "Add_requirement" 
},{
	 "source": "284", 
	 "target": "286", 
	 "label": "Add_src" 
},{
	 "source": "284", 
	 "target": "203", 
	 "label": "Add_tgt" 
},{
	 "source": "288", 
	 "target": "289", 
	 "label": "Add_port" 
},{
	 "source": "288", 
	 "target": "290", 
	 "label": "Add_requirement" 
},{
	 "source": "288", 
	 "target": "291", 
	 "label": "Add_swimplementation" 
},{
	 "source": "291", 
	 "target": "288", 
	 "label": "Add_component" 
},{
	 "source": "294", 
	 "target": "295", 
	 "label": "Add_component" 
},{
	 "source": "296", 
	 "target": "297", 
	 "label": "Add_component" 
},{
	 "source": "297", 
	 "target": "298", 
	 "label": "Add_requirement" 
},{
	 "source": "300", 
	 "target": "301", 
	 "label": "Add_component" 
},{
	 "source": "304", 
	 "target": "305", 
	 "label": "Add_component" 
},{
	 "source": "307", 
	 "target": "308", 
	 "label": "Add_component" 
},{
	 "source": "309", 
	 "target": "310", 
	 "label": "Add_port" 
},{
	 "source": "309", 
	 "target": "311", 
	 "label": "Add_requirement" 
},{
	 "source": "309", 
	 "target": "312", 
	 "label": "Add_swimplementation" 
},{
	 "source": "312", 
	 "target": "309", 
	 "label": "Add_component" 
},{
	 "source": "317", 
	 "target": "318", 
	 "label": "Add_port" 
},{
	 "source": "317", 
	 "target": "319", 
	 "label": "Add_requirement" 
},{
	 "source": "317", 
	 "target": "320", 
	 "label": "Add_swimplementation" 
},{
	 "source": "320", 
	 "target": "317", 
	 "label": "Add_component" 
},{
	 "source": "323", 
	 "target": "324", 
	 "label": "Add_requirement" 
},{
	 "source": "323", 
	 "target": "95", 
	 "label": "Add_src" 
},{
	 "source": "323", 
	 "target": "306", 
	 "label": "Add_tgt" 
},{
	 "source": "325", 
	 "target": "326", 
	 "label": "Add_requirement" 
},{
	 "source": "325", 
	 "target": "202", 
	 "label": "Add_src" 
},{
	 "source": "325", 
	 "target": "45", 
	 "label": "Add_tgt" 
},{
	 "source": "327", 
	 "target": "328", 
	 "label": "Add_component" 
},{
	 "source": "330", 
	 "target": "331", 
	 "label": "Add_requirement" 
},{
	 "source": "330", 
	 "target": "332", 
	 "label": "Add_swimplementation" 
},{
	 "source": "332", 
	 "target": "330", 
	 "label": "Add_component" 
},{
	 "source": "335", 
	 "target": "336", 
	 "label": "Add_component" 
},{
	 "source": "337", 
	 "target": "335", 
	 "label": "Add_swimplementation" 
},{
	 "source": "338", 
	 "target": "325", 
	 "label": "Add_connector" 
},{
	 "source": "338", 
	 "target": "326", 
	 "label": "Add_requirement" 
},{
	 "source": "338", 
	 "target": "327", 
	 "label": "Add_swimplementation" 
},{
	 "source": "328", 
	 "target": "339", 
	 "label": "Remove_swimplementation" 
},{
	 "source": "328", 
	 "target": "327", 
	 "label": "Add_swimplementation" 
},{
	 "source": "339", 
	 "target": "328", 
	 "label": "Remove_component" 
},{
	 "source": "340", 
	 "target": "323", 
	 "label": "Add_connector" 
},{
	 "source": "340", 
	 "target": "324", 
	 "label": "Add_requirement" 
},{
	 "source": "341", 
	 "target": "317", 
	 "label": "Add_component" 
},{
	 "source": "341", 
	 "target": "321", 
	 "label": "Add_package" 
},{
	 "source": "341", 
	 "target": "319", 
	 "label": "Add_requirement" 
},{
	 "source": "341", 
	 "target": "320", 
	 "label": "Add_swimplementation" 
},{
	 "source": "341", 
	 "target": "322", 
	 "label": "Add_swimplementation" 
},{
	 "source": "342", 
	 "target": "316", 
	 "label": "Add_package" 
},{
	 "source": "343", 
	 "target": "210", 
	 "label": "Add_port" 
},{
	 "source": "343", 
	 "target": "315", 
	 "label": "Add_port" 
},{
	 "source": "344", 
	 "target": "307", 
	 "label": "Add_swimplementation" 
},{
	 "source": "345", 
	 "target": "286", 
	 "label": "Add_port" 
},{
	 "source": "308", 
	 "target": "306", 
	 "label": "Add_port" 
},{
	 "source": "308", 
	 "target": "346", 
	 "label": "Remove_swimplementation" 
},{
	 "source": "308", 
	 "target": "307", 
	 "label": "Add_swimplementation" 
},{
	 "source": "346", 
	 "target": "308", 
	 "label": "Remove_component" 
},{
	 "source": "347", 
	 "target": "303", 
	 "label": "Add_package" 
},{
	 "source": "347", 
	 "target": "304", 
	 "label": "Add_swimplementation" 
},{
	 "source": "305", 
	 "target": "252", 
	 "label": "Add_port" 
},{
	 "source": "305", 
	 "target": "302", 
	 "label": "Add_port" 
},{
	 "source": "305", 
	 "target": "348", 
	 "label": "Remove_swimplementation" 
},{
	 "source": "305", 
	 "target": "304", 
	 "label": "Add_swimplementation" 
},{
	 "source": "348", 
	 "target": "305", 
	 "label": "Remove_component" 
},{
	 "source": "349", 
	 "target": "309", 
	 "label": "Add_component" 
},{
	 "source": "349", 
	 "target": "313", 
	 "label": "Add_package" 
},{
	 "source": "349", 
	 "target": "311", 
	 "label": "Add_requirement" 
},{
	 "source": "349", 
	 "target": "314", 
	 "label": "Add_swimplementation" 
},{
	 "source": "349", 
	 "target": "312", 
	 "label": "Add_swimplementation" 
},{
	 "source": "350", 
	 "target": "251", 
	 "label": "Add_port" 
},{
	 "source": "336", 
	 "target": "214", 
	 "label": "Add_port" 
},{
	 "source": "336", 
	 "target": "351", 
	 "label": "Remove_swimplementation" 
},{
	 "source": "336", 
	 "target": "335", 
	 "label": "Add_swimplementation" 
},{
	 "source": "352", 
	 "target": "330", 
	 "label": "Add_component" 
},{
	 "source": "352", 
	 "target": "333", 
	 "label": "Add_package" 
},{
	 "source": "352", 
	 "target": "331", 
	 "label": "Add_requirement" 
},{
	 "source": "352", 
	 "target": "334", 
	 "label": "Add_swimplementation" 
},{
	 "source": "352", 
	 "target": "332", 
	 "label": "Add_swimplementation" 
},{
	 "source": "353", 
	 "target": "329", 
	 "label": "Add_port" 
},{
	 "source": "351", 
	 "target": "336", 
	 "label": "Remove_component" 
},{
	 "source": "354", 
	 "target": "299", 
	 "label": "Add_package" 
},{
	 "source": "354", 
	 "target": "296", 
	 "label": "Add_package" 
},{
	 "source": "354", 
	 "target": "298", 
	 "label": "Add_requirement" 
},{
	 "source": "354", 
	 "target": "300", 
	 "label": "Add_swimplementation" 
},{
	 "source": "355", 
	 "target": "283", 
	 "label": "Add_package" 
},{
	 "source": "355", 
	 "target": "284", 
	 "label": "Add_connector" 
},{
	 "source": "355", 
	 "target": "285", 
	 "label": "Add_requirement" 
},{
	 "source": "356", 
	 "target": "282", 
	 "label": "Add_port" 
},{
	 "source": "357", 
	 "target": "288", 
	 "label": "Add_component" 
},{
	 "source": "357", 
	 "target": "292", 
	 "label": "Add_package" 
},{
	 "source": "357", 
	 "target": "293", 
	 "label": "Add_package" 
},{
	 "source": "357", 
	 "target": "290", 
	 "label": "Add_requirement" 
},{
	 "source": "357", 
	 "target": "291", 
	 "label": "Add_swimplementation" 
},{
	 "source": "357", 
	 "target": "294", 
	 "label": "Add_swimplementation" 
},{
	 "source": "295", 
	 "target": "169", 
	 "label": "Add_port" 
},{
	 "source": "295", 
	 "target": "287", 
	 "label": "Add_port" 
},{
	 "source": "295", 
	 "target": "294", 
	 "label": "Add_swimplementation" 
},{
	 "source": "301", 
	 "target": "358", 
	 "label": "Remove_swimplementation" 
},{
	 "source": "301", 
	 "target": "300", 
	 "label": "Add_swimplementation" 
},{
	 "source": "359", 
	 "target": "281", 
	 "label": "Add_port" 
},{
	 "source": "358", 
	 "target": "301", 
	 "label": "Remove_component" 
},{
	 "source": "360", 
	 "target": "276", 
	 "label": "Add_package" 
},{
	 "source": "360", 
	 "target": "279", 
	 "label": "Add_swimplementation" 
},{
	 "source": "361", 
	 "target": "273", 
	 "label": "Add_package" 
},{
	 "source": "361", 
	 "target": "275", 
	 "label": "Add_requirement" 
},{
	 "source": "362", 
	 "target": "262", 
	 "label": "Add_component" 
},{
	 "source": "362", 
	 "target": "268", 
	 "label": "Add_package" 
},{
	 "source": "362", 
	 "target": "267", 
	 "label": "Add_package" 
},{
	 "source": "362", 
	 "target": "265", 
	 "label": "Add_requirement" 
},{
	 "source": "362", 
	 "target": "266", 
	 "label": "Add_swimplementation" 
},{
	 "source": "362", 
	 "target": "270", 
	 "label": "Add_swimplementation" 
},{
	 "source": "362", 
	 "target": "269", 
	 "label": "Add_swimplementation" 
},{
	 "source": "363", 
	 "target": "271", 
	 "label": "Add_connector" 
},{
	 "source": "363", 
	 "target": "272", 
	 "label": "Add_requirement" 
},{
	 "source": "364", 
	 "target": "261", 
	 "label": "Add_package" 
},{
	 "source": "365", 
	 "target": "139", 
	 "label": "Add_port" 
},{
	 "source": "365", 
	 "target": "260", 
	 "label": "Add_port" 
},{
	 "source": "366", 
	 "target": "259", 
	 "label": "Add_package" 
},{
	 "source": "367", 
	 "target": "34", 
	 "label": "Add_port" 
},{
	 "source": "367", 
	 "target": "258", 
	 "label": "Add_port" 
},{
	 "source": "368", 
	 "target": "256", 
	 "label": "Add_swimplementation" 
},{
	 "source": "257", 
	 "target": "6", 
	 "label": "Add_port" 
},{
	 "source": "257", 
	 "target": "369", 
	 "label": "Remove_swimplementation" 
},{
	 "source": "257", 
	 "target": "256", 
	 "label": "Add_swimplementation" 
},{
	 "source": "370", 
	 "target": "253", 
	 "label": "Add_package" 
},{
	 "source": "370", 
	 "target": "255", 
	 "label": "Add_requirement" 
},{
	 "source": "369", 
	 "target": "257", 
	 "label": "Remove_component" 
},{
	 "source": "371", 
	 "target": "249", 
	 "label": "Add_connector" 
},{
	 "source": "371", 
	 "target": "250", 
	 "label": "Add_requirement" 
},{
	 "source": "372", 
	 "target": "247", 
	 "label": "Add_swimplementation" 
},{
	 "source": "248", 
	 "target": "60", 
	 "label": "Add_port" 
},{
	 "source": "248", 
	 "target": "373", 
	 "label": "Remove_swimplementation" 
},{
	 "source": "248", 
	 "target": "247", 
	 "label": "Add_swimplementation" 
},{
	 "source": "374", 
	 "target": "245", 
	 "label": "Add_connector" 
},{
	 "source": "374", 
	 "target": "246", 
	 "label": "Add_requirement" 
},{
	 "source": "373", 
	 "target": "248", 
	 "label": "Remove_component" 
},{
	 "source": "375", 
	 "target": "232", 
	 "label": "Add_component" 
},{
	 "source": "375", 
	 "target": "243", 
	 "label": "Add_package" 
},{
	 "source": "375", 
	 "target": "234", 
	 "label": "Add_requirement" 
},{
	 "source": "375", 
	 "target": "235", 
	 "label": "Add_swimplementation" 
},{
	 "source": "375", 
	 "target": "244", 
	 "label": "Add_swimplementation" 
},{
	 "source": "376", 
	 "target": "237", 
	 "label": "Add_package" 
},{
	 "source": "376", 
	 "target": "240", 
	 "label": "Add_package" 
},{
	 "source": "376", 
	 "target": "239", 
	 "label": "Add_requirement" 
},{
	 "source": "376", 
	 "target": "241", 
	 "label": "Add_swimplementation" 
},{
	 "source": "242", 
	 "target": "236", 
	 "label": "Add_port" 
},{
	 "source": "242", 
	 "target": "241", 
	 "label": "Add_swimplementation" 
},{
	 "source": "377", 
	 "target": "229", 
	 "label": "Add_package" 
},{
	 "source": "377", 
	 "target": "231", 
	 "label": "Add_requirement" 
},{
	 "source": "378", 
	 "target": "220", 
	 "label": "Add_component" 
},{
	 "source": "378", 
	 "target": "224", 
	 "label": "Add_package" 
},{
	 "source": "378", 
	 "target": "222", 
	 "label": "Add_requirement" 
},{
	 "source": "378", 
	 "target": "225", 
	 "label": "Add_swimplementation" 
},{
	 "source": "378", 
	 "target": "223", 
	 "label": "Add_swimplementation" 
},{
	 "source": "379", 
	 "target": "219", 
	 "label": "Add_package" 
},{
	 "source": "380", 
	 "target": "218", 
	 "label": "Add_port" 
},{
	 "source": "380", 
	 "target": "61", 
	 "label": "Add_port" 
},{
	 "source": "381", 
	 "target": "215", 
	 "label": "Add_connector" 
},{
	 "source": "381", 
	 "target": "216", 
	 "label": "Add_requirement" 
},{
	 "source": "382", 
	 "target": "212", 
	 "label": "Add_connector" 
},{
	 "source": "382", 
	 "target": "213", 
	 "label": "Add_requirement" 
},{
	 "source": "383", 
	 "target": "226", 
	 "label": "Add_package" 
},{
	 "source": "383", 
	 "target": "228", 
	 "label": "Add_requirement" 
},{
	 "source": "280", 
	 "target": "112", 
	 "label": "Add_port" 
},{
	 "source": "280", 
	 "target": "211", 
	 "label": "Add_port" 
},{
	 "source": "280", 
	 "target": "384", 
	 "label": "Remove_swimplementation" 
},{
	 "source": "280", 
	 "target": "279", 
	 "label": "Add_swimplementation" 
},{
	 "source": "384", 
	 "target": "280", 
	 "label": "Remove_component" 
},{
	 "source": "385", 
	 "target": "116", 
	 "label": "Add_port" 
},{
	 "source": "386", 
	 "target": "208", 
	 "label": "Add_connector" 
},{
	 "source": "386", 
	 "target": "209", 
	 "label": "Add_requirement" 
},{
	 "source": "387", 
	 "target": "206", 
	 "label": "Add_swimplementation" 
},{
	 "source": "388", 
	 "target": "204", 
	 "label": "Add_swimplementation" 
},{
	 "source": "205", 
	 "target": "203", 
	 "label": "Add_port" 
},{
	 "source": "205", 
	 "target": "204", 
	 "label": "Add_swimplementation" 
},{
	 "source": "389", 
	 "target": "143", 
	 "label": "Add_port" 
},{
	 "source": "390", 
	 "target": "201", 
	 "label": "Add_package" 
},{
	 "source": "391", 
	 "target": "199", 
	 "label": "Add_port" 
},{
	 "source": "391", 
	 "target": "200", 
	 "label": "Add_port" 
},{
	 "source": "392", 
	 "target": "202", 
	 "label": "Add_port" 
},{
	 "source": "393", 
	 "target": "194", 
	 "label": "Add_component" 
},{
	 "source": "393", 
	 "target": "197", 
	 "label": "Add_package" 
},{
	 "source": "393", 
	 "target": "195", 
	 "label": "Add_requirement" 
},{
	 "source": "393", 
	 "target": "198", 
	 "label": "Add_swimplementation" 
},{
	 "source": "393", 
	 "target": "196", 
	 "label": "Add_swimplementation" 
},{
	 "source": "394", 
	 "target": "193", 
	 "label": "Add_port" 
},{
	 "source": "207", 
	 "target": "192", 
	 "label": "Add_port" 
},{
	 "source": "207", 
	 "target": "395", 
	 "label": "Remove_swimplementation" 
},{
	 "source": "207", 
	 "target": "206", 
	 "label": "Add_swimplementation" 
},{
	 "source": "395", 
	 "target": "207", 
	 "label": "Remove_component" 
},{
	 "source": "396", 
	 "target": "187", 
	 "label": "Add_component" 
},{
	 "source": "396", 
	 "target": "190", 
	 "label": "Add_package" 
},{
	 "source": "396", 
	 "target": "188", 
	 "label": "Add_requirement" 
},{
	 "source": "396", 
	 "target": "189", 
	 "label": "Add_swimplementation" 
},{
	 "source": "396", 
	 "target": "191", 
	 "label": "Add_swimplementation" 
},{
	 "source": "397", 
	 "target": "186", 
	 "label": "Add_port" 
},{
	 "source": "398", 
	 "target": "183", 
	 "label": "Add_package" 
},{
	 "source": "398", 
	 "target": "180", 
	 "label": "Add_package" 
},{
	 "source": "398", 
	 "target": "182", 
	 "label": "Add_requirement" 
},{
	 "source": "398", 
	 "target": "184", 
	 "label": "Add_swimplementation" 
},{
	 "source": "185", 
	 "target": "179", 
	 "label": "Add_port" 
},{
	 "source": "185", 
	 "target": "399", 
	 "label": "Remove_swimplementation" 
},{
	 "source": "185", 
	 "target": "184", 
	 "label": "Add_swimplementation" 
},{
	 "source": "399", 
	 "target": "185", 
	 "label": "Remove_component" 
},{
	 "source": "400", 
	 "target": "178", 
	 "label": "Add_package" 
},{
	 "source": "401", 
	 "target": "5", 
	 "label": "Add_port" 
},{
	 "source": "401", 
	 "target": "177", 
	 "label": "Add_port" 
},{
	 "source": "402", 
	 "target": "176", 
	 "label": "Add_package" 
},{
	 "source": "403", 
	 "target": "173", 
	 "label": "Add_package" 
},{
	 "source": "403", 
	 "target": "174", 
	 "label": "Add_swimplementation" 
},{
	 "source": "175", 
	 "target": "70", 
	 "label": "Add_port" 
},{
	 "source": "175", 
	 "target": "172", 
	 "label": "Add_port" 
},{
	 "source": "175", 
	 "target": "404", 
	 "label": "Remove_swimplementation" 
},{
	 "source": "175", 
	 "target": "174", 
	 "label": "Add_swimplementation" 
},{
	 "source": "404", 
	 "target": "175", 
	 "label": "Remove_component" 
},{
	 "source": "405", 
	 "target": "170", 
	 "label": "Add_port" 
},{
	 "source": "405", 
	 "target": "171", 
	 "label": "Add_port" 
},{
	 "source": "406", 
	 "target": "167", 
	 "label": "Add_connector" 
},{
	 "source": "406", 
	 "target": "168", 
	 "label": "Add_requirement" 
},{
	 "source": "407", 
	 "target": "166", 
	 "label": "Add_package" 
},{
	 "source": "408", 
	 "target": "115", 
	 "label": "Add_port" 
},{
	 "source": "408", 
	 "target": "165", 
	 "label": "Add_port" 
},{
	 "source": "409", 
	 "target": "164", 
	 "label": "Add_port" 
},{
	 "source": "410", 
	 "target": "161", 
	 "label": "Add_package" 
},{
	 "source": "410", 
	 "target": "162", 
	 "label": "Add_connector" 
},{
	 "source": "410", 
	 "target": "163", 
	 "label": "Add_requirement" 
},{
	 "source": "411", 
	 "target": "160", 
	 "label": "Add_port" 
},{
	 "source": "412", 
	 "target": "159", 
	 "label": "Add_port" 
},{
	 "source": "413", 
	 "target": "158", 
	 "label": "Add_port" 
},{
	 "source": "414", 
	 "target": "156", 
	 "label": "Add_swimplementation" 
},{
	 "source": "415", 
	 "target": "153", 
	 "label": "Add_package" 
},{
	 "source": "415", 
	 "target": "154", 
	 "label": "Add_swimplementation" 
},{
	 "source": "155", 
	 "target": "152", 
	 "label": "Add_port" 
},{
	 "source": "155", 
	 "target": "151", 
	 "label": "Add_port" 
},{
	 "source": "155", 
	 "target": "416", 
	 "label": "Remove_swimplementation" 
},{
	 "source": "155", 
	 "target": "154", 
	 "label": "Add_swimplementation" 
},{
	 "source": "416", 
	 "target": "155", 
	 "label": "Remove_component" 
},{
	 "source": "417", 
	 "target": "148", 
	 "label": "Add_package" 
},{
	 "source": "417", 
	 "target": "149", 
	 "label": "Add_swimplementation" 
},{
	 "source": "150", 
	 "target": "147", 
	 "label": "Add_port" 
},{
	 "source": "150", 
	 "target": "77", 
	 "label": "Add_port" 
},{
	 "source": "150", 
	 "target": "418", 
	 "label": "Remove_swimplementation" 
},{
	 "source": "150", 
	 "target": "149", 
	 "label": "Add_swimplementation" 
},{
	 "source": "418", 
	 "target": "150", 
	 "label": "Remove_component" 
},{
	 "source": "419", 
	 "target": "71", 
	 "label": "Add_port" 
},{
	 "source": "157", 
	 "target": "146", 
	 "label": "Add_port" 
},{
	 "source": "157", 
	 "target": "420", 
	 "label": "Remove_swimplementation" 
},{
	 "source": "157", 
	 "target": "156", 
	 "label": "Add_swimplementation" 
},{
	 "source": "420", 
	 "target": "157", 
	 "label": "Remove_component" 
},{
	 "source": "421", 
	 "target": "141", 
	 "label": "Add_connector" 
},{
	 "source": "421", 
	 "target": "142", 
	 "label": "Add_requirement" 
},{
	 "source": "421", 
	 "target": "144", 
	 "label": "Add_swimplementation" 
},{
	 "source": "145", 
	 "target": "140", 
	 "label": "Add_port" 
},{
	 "source": "145", 
	 "target": "144", 
	 "label": "Add_swimplementation" 
},{
	 "source": "422", 
	 "target": "137", 
	 "label": "Add_connector" 
},{
	 "source": "422", 
	 "target": "138", 
	 "label": "Add_requirement" 
},{
	 "source": "423", 
	 "target": "135", 
	 "label": "Add_swimplementation" 
},{
	 "source": "136", 
	 "target": "134", 
	 "label": "Add_port" 
},{
	 "source": "136", 
	 "target": "135", 
	 "label": "Add_swimplementation" 
},{
	 "source": "424", 
	 "target": "121", 
	 "label": "Add_component" 
},{
	 "source": "424", 
	 "target": "132", 
	 "label": "Add_package" 
},{
	 "source": "424", 
	 "target": "123", 
	 "label": "Add_requirement" 
},{
	 "source": "424", 
	 "target": "133", 
	 "label": "Add_swimplementation" 
},{
	 "source": "424", 
	 "target": "124", 
	 "label": "Add_swimplementation" 
},{
	 "source": "425", 
	 "target": "126", 
	 "label": "Add_package" 
},{
	 "source": "425", 
	 "target": "129", 
	 "label": "Add_package" 
},{
	 "source": "425", 
	 "target": "128", 
	 "label": "Add_requirement" 
},{
	 "source": "425", 
	 "target": "130", 
	 "label": "Add_swimplementation" 
},{
	 "source": "426", 
	 "target": "125", 
	 "label": "Add_port" 
},{
	 "source": "131", 
	 "target": "427", 
	 "label": "Remove_swimplementation" 
},{
	 "source": "131", 
	 "target": "130", 
	 "label": "Add_swimplementation" 
},{
	 "source": "427", 
	 "target": "131", 
	 "label": "Remove_component" 
},{
	 "source": "428", 
	 "target": "92", 
	 "label": "Add_component" 
},{
	 "source": "428", 
	 "target": "119", 
	 "label": "Add_package" 
},{
	 "source": "428", 
	 "target": "93", 
	 "label": "Add_requirement" 
},{
	 "source": "428", 
	 "target": "94", 
	 "label": "Add_swimplementation" 
},{
	 "source": "428", 
	 "target": "120", 
	 "label": "Add_swimplementation" 
},{
	 "source": "429", 
	 "target": "113", 
	 "label": "Add_connector" 
},{
	 "source": "429", 
	 "target": "114", 
	 "label": "Add_requirement" 
},{
	 "source": "429", 
	 "target": "117", 
	 "label": "Add_swimplementation" 
},{
	 "source": "430", 
	 "target": "110", 
	 "label": "Add_connector" 
},{
	 "source": "430", 
	 "target": "111", 
	 "label": "Add_requirement" 
},{
	 "source": "118", 
	 "target": "431", 
	 "label": "Remove_swimplementation" 
},{
	 "source": "118", 
	 "target": "117", 
	 "label": "Add_swimplementation" 
},{
	 "source": "431", 
	 "target": "118", 
	 "label": "Remove_component" 
},{
	 "source": "432", 
	 "target": "99", 
	 "label": "Add_component" 
},{
	 "source": "432", 
	 "target": "108", 
	 "label": "Add_package" 
},{
	 "source": "432", 
	 "target": "100", 
	 "label": "Add_requirement" 
},{
	 "source": "432", 
	 "target": "101", 
	 "label": "Add_swimplementation" 
},{
	 "source": "432", 
	 "target": "109", 
	 "label": "Add_swimplementation" 
},{
	 "source": "433", 
	 "target": "98", 
	 "label": "Add_port" 
},{
	 "source": "434", 
	 "target": "102", 
	 "label": "Add_component" 
},{
	 "source": "434", 
	 "target": "106", 
	 "label": "Add_package" 
},{
	 "source": "434", 
	 "target": "104", 
	 "label": "Add_requirement" 
},{
	 "source": "434", 
	 "target": "105", 
	 "label": "Add_swimplementation" 
},{
	 "source": "434", 
	 "target": "107", 
	 "label": "Add_swimplementation" 
},{
	 "source": "435", 
	 "target": "97", 
	 "label": "Add_package" 
},{
	 "source": "436", 
	 "target": "96", 
	 "label": "Add_port" 
},{
	 "source": "436", 
	 "target": "95", 
	 "label": "Add_port" 
},{
	 "source": "437", 
	 "target": "78", 
	 "label": "Add_port" 
},{
	 "source": "438", 
	 "target": "91", 
	 "label": "Add_port" 
},{
	 "source": "439", 
	 "target": "86", 
	 "label": "Add_component" 
},{
	 "source": "439", 
	 "target": "89", 
	 "label": "Add_package" 
},{
	 "source": "439", 
	 "target": "87", 
	 "label": "Add_requirement" 
},{
	 "source": "439", 
	 "target": "88", 
	 "label": "Add_swimplementation" 
},{
	 "source": "439", 
	 "target": "90", 
	 "label": "Add_swimplementation" 
},{
	 "source": "440", 
	 "target": "85", 
	 "label": "Add_port" 
},{
	 "source": "441", 
	 "target": "75", 
	 "label": "Add_connector" 
},{
	 "source": "441", 
	 "target": "76", 
	 "label": "Add_requirement" 
},{
	 "source": "442", 
	 "target": "79", 
	 "label": "Add_component" 
},{
	 "source": "442", 
	 "target": "83", 
	 "label": "Add_package" 
},{
	 "source": "442", 
	 "target": "81", 
	 "label": "Add_requirement" 
},{
	 "source": "442", 
	 "target": "82", 
	 "label": "Add_swimplementation" 
},{
	 "source": "442", 
	 "target": "84", 
	 "label": "Add_swimplementation" 
},{
	 "source": "443", 
	 "target": "66", 
	 "label": "Add_swimplementation" 
},{
	 "source": "67", 
	 "target": "65", 
	 "label": "Add_port" 
},{
	 "source": "67", 
	 "target": "66", 
	 "label": "Add_swimplementation" 
},{
	 "source": "444", 
	 "target": "68", 
	 "label": "Add_connector" 
},{
	 "source": "444", 
	 "target": "69", 
	 "label": "Add_requirement" 
},{
	 "source": "445", 
	 "target": "62", 
	 "label": "Add_package" 
},{
	 "source": "445", 
	 "target": "63", 
	 "label": "Add_swimplementation" 
},{
	 "source": "446", 
	 "target": "58", 
	 "label": "Add_connector" 
},{
	 "source": "446", 
	 "target": "59", 
	 "label": "Add_requirement" 
},{
	 "source": "64", 
	 "target": "57", 
	 "label": "Add_port" 
},{
	 "source": "64", 
	 "target": "56", 
	 "label": "Add_port" 
},{
	 "source": "64", 
	 "target": "447", 
	 "label": "Remove_swimplementation" 
},{
	 "source": "64", 
	 "target": "63", 
	 "label": "Add_swimplementation" 
},{
	 "source": "447", 
	 "target": "64", 
	 "label": "Remove_component" 
},{
	 "source": "448", 
	 "target": "55", 
	 "label": "Add_port" 
},{
	 "source": "449", 
	 "target": "48", 
	 "label": "Add_component" 
},{
	 "source": "449", 
	 "target": "52", 
	 "label": "Add_package" 
},{
	 "source": "449", 
	 "target": "50", 
	 "label": "Add_requirement" 
},{
	 "source": "449", 
	 "target": "51", 
	 "label": "Add_swimplementation" 
},{
	 "source": "449", 
	 "target": "53", 
	 "label": "Add_swimplementation" 
},{
	 "source": "54", 
	 "target": "450", 
	 "label": "Remove_swimplementation" 
},{
	 "source": "54", 
	 "target": "53", 
	 "label": "Add_swimplementation" 
},{
	 "source": "450", 
	 "target": "54", 
	 "label": "Remove_component" 
},{
	 "source": "451", 
	 "target": "47", 
	 "label": "Add_package" 
},{
	 "source": "452", 
	 "target": "45", 
	 "label": "Add_port" 
},{
	 "source": "452", 
	 "target": "46", 
	 "label": "Add_port" 
},{
	 "source": "453", 
	 "target": "39", 
	 "label": "Add_component" 
},{
	 "source": "453", 
	 "target": "42", 
	 "label": "Add_package" 
},{
	 "source": "453", 
	 "target": "40", 
	 "label": "Add_requirement" 
},{
	 "source": "453", 
	 "target": "41", 
	 "label": "Add_swimplementation" 
},{
	 "source": "453", 
	 "target": "43", 
	 "label": "Add_swimplementation" 
},{
	 "source": "44", 
	 "target": "38", 
	 "label": "Add_port" 
},{
	 "source": "44", 
	 "target": "43", 
	 "label": "Add_swimplementation" 
},{
	 "source": "454", 
	 "target": "25", 
	 "label": "Add_component" 
},{
	 "source": "454", 
	 "target": "35", 
	 "label": "Add_package" 
},{
	 "source": "454", 
	 "target": "27", 
	 "label": "Add_requirement" 
},{
	 "source": "454", 
	 "target": "36", 
	 "label": "Add_swimplementation" 
},{
	 "source": "454", 
	 "target": "28", 
	 "label": "Add_swimplementation" 
},{
	 "source": "455", 
	 "target": "32", 
	 "label": "Add_connector" 
},{
	 "source": "455", 
	 "target": "33", 
	 "label": "Add_requirement" 
},{
	 "source": "456", 
	 "target": "30", 
	 "label": "Add_swimplementation" 
},{
	 "source": "31", 
	 "target": "29", 
	 "label": "Add_port" 
},{
	 "source": "31", 
	 "target": "30", 
	 "label": "Add_swimplementation" 
},{
	 "source": "37", 
	 "target": "457", 
	 "label": "Remove_swimplementation" 
},{
	 "source": "37", 
	 "target": "36", 
	 "label": "Add_swimplementation" 
},{
	 "source": "457", 
	 "target": "37", 
	 "label": "Remove_component" 
},{
	 "source": "458", 
	 "target": "72", 
	 "label": "Add_package" 
},{
	 "source": "458", 
	 "target": "74", 
	 "label": "Add_requirement" 
},{
	 "source": "459", 
	 "target": "13", 
	 "label": "Add_component" 
},{
	 "source": "459", 
	 "target": "17", 
	 "label": "Add_package" 
},{
	 "source": "459", 
	 "target": "15", 
	 "label": "Add_requirement" 
},{
	 "source": "459", 
	 "target": "18", 
	 "label": "Add_swimplementation" 
},{
	 "source": "459", 
	 "target": "16", 
	 "label": "Add_swimplementation" 
},{
	 "source": "460", 
	 "target": "11", 
	 "label": "Add_swimplementation" 
},{
	 "source": "12", 
	 "target": "10", 
	 "label": "Add_port" 
},{
	 "source": "12", 
	 "target": "11", 
	 "label": "Add_swimplementation" 
},{
	 "source": "461", 
	 "target": "7", 
	 "label": "Add_package" 
},{
	 "source": "461", 
	 "target": "9", 
	 "label": "Add_requirement" 
},{
	 "source": "462", 
	 "target": "3", 
	 "label": "Add_connector" 
},{
	 "source": "462", 
	 "target": "4", 
	 "label": "Add_requirement" 
},{
	 "source": "463", 
	 "target": "2", 
	 "label": "Add_package" 
},{
	 "source": "464", 
	 "target": "0", 
	 "label": "Add_port" 
},{
	 "source": "464", 
	 "target": "1", 
	 "label": "Add_port" 
},{
	 "source": "465", 
	 "target": "19", 
	 "label": "Add_component" 
},{
	 "source": "465", 
	 "target": "23", 
	 "label": "Add_package" 
},{
	 "source": "465", 
	 "target": "21", 
	 "label": "Add_requirement" 
},{
	 "source": "465", 
	 "target": "24", 
	 "label": "Add_swimplementation" 
},{
	 "source": "465", 
	 "target": "22", 
	 "label": "Add_swimplementation" 
}]}