{"directed": true, "multigraph": false, "graph": {}, 
  "nodes": [{
	 "id": "0", 
	 "label": "Add_Port" 
},{
	 "id": "1", 
	 "label": "Add_Component" 
},{
	 "id": "2", 
	 "label": "Add_Requirement" 
},{
	 "id": "3", 
	 "label": "Add_SwImplementation" 
},{
	 "id": "4", 
	 "label": "Add_Component" 
},{
	 "id": "5", 
	 "label": "Add_Port" 
},{
	 "id": "6", 
	 "label": "Add_Requirement" 
},{
	 "id": "7", 
	 "label": "Add_SwImplementation" 
},{
	 "id": "8", 
	 "label": "Add_Package" 
},{
	 "id": "9", 
	 "label": "Add_SwImplementation" 
},{
	 "id": "10", 
	 "label": "Add_Port" 
},{
	 "id": "11", 
	 "label": "Add_Port" 
},{
	 "id": "12", 
	 "label": "Add_Package" 
},{
	 "id": "13", 
	 "label": "Add_Connector" 
},{
	 "id": "14", 
	 "label": "Add_Requirement" 
},{
	 "id": "15", 
	 "label": "Add_Port" 
},{
	 "id": "16", 
	 "label": "Add_Component" 
},{
	 "id": "17", 
	 "label": "Add_Requirement" 
},{
	 "id": "18", 
	 "label": "Add_SwImplementation" 
},{
	 "id": "19", 
	 "label": "Add_Package" 
},{
	 "id": "20", 
	 "label": "Add_Component" 
},{
	 "id": "21", 
	 "label": "Add_Requirement" 
},{
	 "id": "22", 
	 "label": "Add_Connector" 
},{
	 "id": "23", 
	 "label": "Add_Requirement" 
},{
	 "id": "24", 
	 "label": "Add_Port" 
},{
	 "id": "25", 
	 "label": "Add_Component" 
},{
	 "id": "26", 
	 "label": "Add_Requirement" 
},{
	 "id": "27", 
	 "label": "Add_SwImplementation" 
},{
	 "id": "28", 
	 "label": "Add_Package" 
},{
	 "id": "29", 
	 "label": "Add_Component" 
},{
	 "id": "30", 
	 "label": "Add_Requirement" 
},{
	 "id": "31", 
	 "label": "Add_Package" 
},{
	 "id": "32", 
	 "label": "Add_Component" 
},{
	 "id": "33", 
	 "label": "Add_Requirement" 
},{
	 "id": "34", 
	 "label": "Add_Component" 
},{
	 "id": "35", 
	 "label": "Add_Port" 
},{
	 "id": "36", 
	 "label": "Add_Requirement" 
},{
	 "id": "37", 
	 "label": "Add_SwImplementation" 
},{
	 "id": "38", 
	 "label": "Add_Package" 
},{
	 "id": "39", 
	 "label": "Add_SwImplementation" 
},{
	 "id": "40", 
	 "label": "Add_Port" 
},{
	 "id": "41", 
	 "label": "Add_Package" 
},{
	 "id": "42", 
	 "label": "Add_Component" 
},{
	 "id": "43", 
	 "label": "Add_Requirement" 
},{
	 "id": "44", 
	 "label": "Add_Package" 
},{
	 "id": "45", 
	 "label": "Add_SwImplementation" 
},{
	 "id": "46", 
	 "label": "Preserve_Component" 
},{
	 "id": "47", 
	 "label": "Add_SwImplementation" 
},{
	 "id": "48", 
	 "label": "Preserve_Component" 
},{
	 "id": "49", 
	 "label": "Preserve_Package" 
},{
	 "id": "50", 
	 "label": "Preserve_Package" 
},{
	 "id": "51", 
	 "label": "Preserve_Component" 
},{
	 "id": "52", 
	 "label": "Preserve_SwImplementation" 
},{
	 "id": "53", 
	 "label": "Preserve_Package" 
},{
	 "id": "54", 
	 "label": "Preserve_Package" 
},{
	 "id": "55", 
	 "label": "Preserve_Package" 
},{
	 "id": "56", 
	 "label": "Preserve_Component" 
},{
	 "id": "57", 
	 "label": "Preserve_Package" 
},{
	 "id": "58", 
	 "label": "Preserve_Package" 
},{
	 "id": "59", 
	 "label": "Preserve_Package" 
},{
	 "id": "60", 
	 "label": "Preserve_Package" 
},{
	 "id": "61", 
	 "label": "Preserve_Package" 
},{
	 "id": "62", 
	 "label": "Preserve_Component" 
},{
	 "id": "63", 
	 "label": "Preserve_Package" 
},{
	 "id": "64", 
	 "label": "Preserve_Component" 
},{
	 "id": "65", 
	 "label": "Preserve_Component" 
},{
	 "id": "66", 
	 "label": "Preserve_Package" 
},{
	 "id": "67", 
	 "label": "Preserve_SwImplementation" 
}], 
 "links": [{
	 "source": "1", 
	 "target": "2", 
	 "label": "Add_requirement" 
},{
	 "source": "1", 
	 "target": "3", 
	 "label": "Add_swimplementation" 
},{
	 "source": "4", 
	 "target": "5", 
	 "label": "Add_port" 
},{
	 "source": "4", 
	 "target": "6", 
	 "label": "Add_requirement" 
},{
	 "source": "4", 
	 "target": "7", 
	 "label": "Add_swimplementation" 
},{
	 "source": "7", 
	 "target": "4", 
	 "label": "Add_component" 
},{
	 "source": "13", 
	 "target": "14", 
	 "label": "Add_requirement" 
},{
	 "source": "13", 
	 "target": "0", 
	 "label": "Add_src" 
},{
	 "source": "13", 
	 "target": "15", 
	 "label": "Add_tgt" 
},{
	 "source": "16", 
	 "target": "17", 
	 "label": "Add_requirement" 
},{
	 "source": "16", 
	 "target": "18", 
	 "label": "Add_swimplementation" 
},{
	 "source": "18", 
	 "target": "16", 
	 "label": "Add_component" 
},{
	 "source": "19", 
	 "target": "20", 
	 "label": "Add_component" 
},{
	 "source": "20", 
	 "target": "21", 
	 "label": "Add_requirement" 
},{
	 "source": "22", 
	 "target": "23", 
	 "label": "Add_requirement" 
},{
	 "source": "22", 
	 "target": "10", 
	 "label": "Add_src" 
},{
	 "source": "22", 
	 "target": "24", 
	 "label": "Add_tgt" 
},{
	 "source": "25", 
	 "target": "26", 
	 "label": "Add_requirement" 
},{
	 "source": "25", 
	 "target": "27", 
	 "label": "Add_swimplementation" 
},{
	 "source": "27", 
	 "target": "25", 
	 "label": "Add_component" 
},{
	 "source": "3", 
	 "target": "1", 
	 "label": "Add_component" 
},{
	 "source": "28", 
	 "target": "29", 
	 "label": "Add_component" 
},{
	 "source": "29", 
	 "target": "30", 
	 "label": "Add_requirement" 
},{
	 "source": "31", 
	 "target": "32", 
	 "label": "Add_component" 
},{
	 "source": "32", 
	 "target": "33", 
	 "label": "Add_requirement" 
},{
	 "source": "34", 
	 "target": "35", 
	 "label": "Add_port" 
},{
	 "source": "34", 
	 "target": "36", 
	 "label": "Add_requirement" 
},{
	 "source": "34", 
	 "target": "37", 
	 "label": "Add_swimplementation" 
},{
	 "source": "37", 
	 "target": "34", 
	 "label": "Add_component" 
},{
	 "source": "41", 
	 "target": "42", 
	 "label": "Add_component" 
},{
	 "source": "42", 
	 "target": "43", 
	 "label": "Add_requirement" 
},{
	 "source": "45", 
	 "target": "46", 
	 "label": "Add_component" 
},{
	 "source": "47", 
	 "target": "48", 
	 "label": "Add_component" 
},{
	 "source": "49", 
	 "target": "47", 
	 "label": "Add_swimplementation" 
},{
	 "source": "50", 
	 "target": "44", 
	 "label": "Add_package" 
},{
	 "source": "50", 
	 "target": "41", 
	 "label": "Add_package" 
},{
	 "source": "50", 
	 "target": "43", 
	 "label": "Add_requirement" 
},{
	 "source": "50", 
	 "target": "45", 
	 "label": "Add_swimplementation" 
},{
	 "source": "51", 
	 "target": "40", 
	 "label": "Add_port" 
},{
	 "source": "46", 
	 "target": "52", 
	 "label": "Remove_swimplementation" 
},{
	 "source": "46", 
	 "target": "45", 
	 "label": "Add_swimplementation" 
},{
	 "source": "52", 
	 "target": "46", 
	 "label": "Remove_component" 
},{
	 "source": "53", 
	 "target": "31", 
	 "label": "Add_package" 
},{
	 "source": "53", 
	 "target": "33", 
	 "label": "Add_requirement" 
},{
	 "source": "54", 
	 "target": "34", 
	 "label": "Add_component" 
},{
	 "source": "54", 
	 "target": "38", 
	 "label": "Add_package" 
},{
	 "source": "54", 
	 "target": "36", 
	 "label": "Add_requirement" 
},{
	 "source": "54", 
	 "target": "39", 
	 "label": "Add_swimplementation" 
},{
	 "source": "54", 
	 "target": "37", 
	 "label": "Add_swimplementation" 
},{
	 "source": "55", 
	 "target": "28", 
	 "label": "Add_package" 
},{
	 "source": "55", 
	 "target": "30", 
	 "label": "Add_requirement" 
},{
	 "source": "56", 
	 "target": "24", 
	 "label": "Add_port" 
},{
	 "source": "57", 
	 "target": "1", 
	 "label": "Add_component" 
},{
	 "source": "57", 
	 "target": "2", 
	 "label": "Add_requirement" 
},{
	 "source": "57", 
	 "target": "3", 
	 "label": "Add_swimplementation" 
},{
	 "source": "58", 
	 "target": "25", 
	 "label": "Add_component" 
},{
	 "source": "58", 
	 "target": "26", 
	 "label": "Add_requirement" 
},{
	 "source": "58", 
	 "target": "27", 
	 "label": "Add_swimplementation" 
},{
	 "source": "59", 
	 "target": "22", 
	 "label": "Add_connector" 
},{
	 "source": "59", 
	 "target": "23", 
	 "label": "Add_requirement" 
},{
	 "source": "60", 
	 "target": "19", 
	 "label": "Add_package" 
},{
	 "source": "60", 
	 "target": "21", 
	 "label": "Add_requirement" 
},{
	 "source": "61", 
	 "target": "16", 
	 "label": "Add_component" 
},{
	 "source": "61", 
	 "target": "17", 
	 "label": "Add_requirement" 
},{
	 "source": "61", 
	 "target": "18", 
	 "label": "Add_swimplementation" 
},{
	 "source": "62", 
	 "target": "15", 
	 "label": "Add_port" 
},{
	 "source": "63", 
	 "target": "12", 
	 "label": "Add_package" 
},{
	 "source": "63", 
	 "target": "13", 
	 "label": "Add_connector" 
},{
	 "source": "63", 
	 "target": "14", 
	 "label": "Add_requirement" 
},{
	 "source": "64", 
	 "target": "11", 
	 "label": "Add_port" 
},{
	 "source": "65", 
	 "target": "10", 
	 "label": "Add_port" 
},{
	 "source": "66", 
	 "target": "4", 
	 "label": "Add_component" 
},{
	 "source": "66", 
	 "target": "8", 
	 "label": "Add_package" 
},{
	 "source": "66", 
	 "target": "6", 
	 "label": "Add_requirement" 
},{
	 "source": "66", 
	 "target": "7", 
	 "label": "Add_swimplementation" 
},{
	 "source": "66", 
	 "target": "9", 
	 "label": "Add_swimplementation" 
},{
	 "source": "48", 
	 "target": "0", 
	 "label": "Add_port" 
},{
	 "source": "48", 
	 "target": "67", 
	 "label": "Remove_swimplementation" 
},{
	 "source": "48", 
	 "target": "47", 
	 "label": "Add_swimplementation" 
},{
	 "source": "67", 
	 "target": "48", 
	 "label": "Remove_component" 
}]}